personnel_id,rank,age,years_of_service,deployment_months,family_separation,leaves_availed,leaves_cancelled,duty_hours_per_day,transfers_last_2yr,night_shifts_per_month,incidents_exposed,training_days_yr,wellness_score,sleep_hours,exercise_freq_per_wk,social_support_score,risk_level
CAPF0001,Inspector,23,24,11,0,12,1,9.6,0,1,2,11,9.5,6.7,5,8.4,Low
CAPF0002,Head Constable,24,5,35,1,2,0,16.0,5,13,9,18,2.6,4.6,0,2.2,High
CAPF0003,Constable,29,15,16,1,16,5,10.0,1,6,3,2,4.7,5.6,1,4.0,Medium
CAPF0004,SI,35,16,21,1,1,0,15.0,4,17,6,14,3.9,4.9,0,3.3,High
CAPF0005,SP,36,13,9,1,22,0,9.9,0,4,1,0,7.4,7.8,6,7.1,Low
CAPF0006,Constable,49,7,8,0,19,2,8.8,1,2,2,8,9.2,8.3,5,8.4,Low
CAPF0007,Head Constable,22,5,10,0,9,7,10.2,1,12,2,25,6.7,6.5,2,4.9,Medium
CAPF0008,DSP,25,5,7,1,29,0,8.1,1,1,1,22,6.1,7.6,5,8.5,Low
CAPF0009,SP,49,12,20,1,9,7,10.6,2,11,4,11,5.9,6.4,2,4.2,Medium
CAPF0010,DSP,24,7,20,0,8,6,11.0,1,13,4,5,4.7,6.8,1,4.7,Medium
CAPF0011,Constable,23,3,23,0,14,5,10.7,2,12,4,16,5.2,5.3,1,3.3,Medium
CAPF0012,Constable,27,23,11,0,21,1,9.2,1,5,2,3,8.5,7.2,3,8.7,Low
CAPF0013,ASI,37,29,1,0,18,2,9.5,1,3,1,2,9.3,8.1,5,9.2,Low
CAPF0014,ASI,49,25,13,1,6,2,10.0,1,7,5,24,6.1,6.3,1,4.5,Medium
CAPF0015,SP,53,27,10,0,21,0,8.5,0,1,0,22,7.0,7.8,3,6.4,Low
CAPF0016,ASI,46,3,3,1,17,1,9.5,0,5,0,24,9.7,8.1,5,9.1,Low
CAPF0017,DSP,38,1,2,0,29,2,9.0,0,4,0,15,6.9,6.9,6,7.3,Low
CAPF0018,ASI,54,5,6,0,10,2,8.5,1,5,1,27,9.6,7.5,4,7.7,Low
CAPF0019,ASI,45,29,13,1,16,2,10.1,1,5,5,16,4.8,6.9,1,6.5,Medium
CAPF0020,SP,24,8,12,0,19,7,12.9,2,9,5,13,4.5,6.7,3,5.2,Medium
CAPF0021,SP,47,3,6,0,25,2,8.7,0,1,1,17,8.8,7.3,6,8.8,Low
CAPF0022,Inspector,36,28,31,1,2,0,14.5,5,16,8,1,2.2,5.0,1,1.2,High
CAPF0023,SP,54,8,6,0,15,2,8.7,1,5,0,20,6.1,8.6,4,6.1,Low
CAPF0024,SI,40,17,5,1,27,1,8.9,1,3,1,23,6.6,7.9,5,6.5,Low
CAPF0025,SI,53,22,10,0,10,2,8.2,1,4,1,15,8.8,8.6,3,6.2,Low
CAPF0026,Inspector,50,14,5,0,14,1,9.3,0,4,1,27,7.0,8.3,5,7.4,Low
CAPF0027,Constable,52,10,4,0,19,1,8.4,0,1,0,25,7.9,7.7,3,8.6,Low
CAPF0028,Constable,54,1,27,1,1,0,15.0,5,19,6,28,2.9,4.0,1,3.4,High
CAPF0029,Inspector,47,2,21,1,17,3,11.2,2,6,2,18,5.0,5.2,3,5.6,Medium
CAPF0030,SI,39,17,10,0,12,0,9.4,0,4,0,6,8.2,8.5,3,7.7,Low
CAPF0031,SP,46,22,23,0,18,5,11.7,2,11,2,12,4.3,6.5,3,6.6,Medium
CAPF0032,Constable,26,3,23,1,9,9,13.0,3,15,5,11,3.0,4.5,1,2.4,High
CAPF0033,ASI,50,11,5,1,14,2,9.5,0,0,2,10,9.9,6.7,4,10.0,Low
CAPF0034,SI,40,8,9,0,11,0,9.5,0,4,1,15,6.9,6.7,3,7.6,Low
CAPF0035,DSP,31,26,23,1,5,5,13.7,5,16,8,18,1.3,4.5,1,3.3,High
CAPF0036,ASI,54,6,2,0,26,0,8.9,1,3,0,20,9.0,8.6,5,8.3,Low
CAPF0037,SI,35,15,32,0,8,4,15.9,5,16,9,0,1.8,5.5,0,3.1,High
CAPF0038,DSP,49,28,12,0,14,3,12.7,2,12,3,4,4.8,5.9,1,3.8,Medium
CAPF0039,ASI,26,15,25,1,5,4,13.1,5,16,8,24,1.5,4.9,1,3.7,High
CAPF0040,DSP,46,22,11,0,9,3,11.7,1,12,2,26,7.0,6.6,2,3.6,Medium
CAPF0041,Inspector,44,5,20,1,4,4,14.4,5,12,9,20,3.1,4.1,1,2.6,High
CAPF0042,Head Constable,29,7,22,1,7,4,13.7,5,17,5,25,1.6,5.4,0,3.6,High
CAPF0043,DSP,35,2,15,0,19,6,12.5,1,5,3,10,6.6,6.9,2,4.6,Medium
CAPF0044,DSP,51,23,2,0,10,2,8.7,1,5,2,9,8.9,7.6,5,8.2,Low
CAPF0045,Inspector,32,19,32,1,1,0,13.4,3,13,5,14,1.1,4.4,1,2.9,High
CAPF0046,SP,26,18,11,0,28,2,8.3,0,3,0,27,8.1,8.7,5,9.9,Low
CAPF0047,DSP,43,15,5,0,18,1,9.1,0,3,1,23,8.0,8.7,3,8.8,Low
CAPF0048,SP,49,23,35,1,5,4,13.2,4,12,5,13,1.6,4.9,1,2.1,High
CAPF0049,Inspector,36,25,19,0,6,3,10.1,2,11,4,22,6.2,6.8,2,3.1,Medium
CAPF0050,Head Constable,39,15,7,0,19,2,8.6,0,1,1,3,7.4,6.8,3,7.9,Low
CAPF0051,Head Constable,54,21,17,1,15,6,11.8,2,13,2,21,5.8,5.7,2,4.0,Medium
CAPF0052,DSP,45,6,7,1,28,2,9.0,1,5,1,1,9.6,8.5,6,6.3,Low
CAPF0053,ASI,26,6,13,1,14,4,10.0,1,12,3,25,6.2,6.3,1,5.1,Medium
CAPF0054,ASI,24,1,4,0,13,0,9.0,0,0,1,5,8.3,8.4,4,6.6,Low
CAPF0055,Head Constable,51,17,5,1,20,2,8.1,1,4,1,4,8.7,6.7,5,9.0,Low
CAPF0056,SI,35,28,21,1,7,5,13.4,3,12,6,29,3.8,4.3,0,3.2,High
CAPF0057,Inspector,53,19,24,1,6,6,13.7,4,17,8,28,2.2,4.5,1,3.4,High
CAPF0058,SP,29,10,1,1,15,2,8.5,0,1,1,19,8.5,6.7,6,6.5,Low
CAPF0059,Inspector,25,22,20,1,0,0,14.6,4,15,9,1,3.1,4.2,0,3.3,High
CAPF0060,ASI,25,12,29,1,4,3,14.0,5,18,8,12,2.2,4.7,1,3.4,High
CAPF0061,SP,33,26,12,1,11,3,12.1,2,9,5,12,5.0,5.4,2,3.9,Medium
CAPF0062,Head Constable,50,14,9,1,18,1,8.5,0,2,0,7,8.6,8.8,6,9.1,Low
CAPF0063,ASI,42,15,26,1,2,0,13.4,5,13,8,8,2.0,4.2,0,1.9,High
CAPF0064,Head Constable,48,17,13,1,6,4,12.4,2,7,4,10,6.8,5.8,2,4.4,Medium
CAPF0065,ASI,28,17,3,0,27,0,8.5,0,3,1,19,7.4,6.6,3,8.3,Low
CAPF0066,SI,53,29,15,1,12,4,12.6,2,12,2,16,5.2,5.6,1,4.7,Medium
CAPF0067,DSP,25,1,8,0,15,2,9.2,0,2,2,7,7.8,7.8,4,7.6,Low
CAPF0068,SP,24,24,22,1,6,3,14.1,3,17,6,22,3.9,4.6,0,3.5,High
CAPF0069,Inspector,37,4,17,1,12,7,10.3,2,7,4,19,6.2,6.3,3,6.2,Medium
CAPF0070,Inspector,39,2,23,1,7,5,10.9,1,11,3,0,6.5,5.2,3,3.5,Medium
CAPF0071,SI,43,12,30,1,1,0,13.8,3,18,8,23,2.2,5.2,0,2.7,High
CAPF0072,DSP,43,11,8,0,16,0,10.0,1,0,1,13,9.0,6.6,4,8.8,Low
CAPF0073,Head Constable,46,6,32,1,0,0,13.5,3,14,6,25,2.7,4.8,1,1.8,High
CAPF0074,Inspector,42,28,19,0,17,2,10.4,2,10,4,29,6.0,6.2,1,3.7,Medium
CAPF0075,Head Constable,45,22,21,0,8,2,12.9,1,9,5,21,5.2,6.5,1,4.2,Medium
CAPF0076,Constable,30,9,19,0,13,3,10.1,2,7,5,7,6.9,5.1,2,3.6,Medium
CAPF0077,Constable,40,5,22,1,10,3,12.1,2,11,4,11,4.0,6.6,1,6.9,Medium
CAPF0078,Constable,37,6,32,1,0,0,15.4,5,12,8,7,3.3,4.8,1,2.9,High
CAPF0079,Constable,28,9,11,1,23,2,10.0,0,1,2,18,8.3,9.0,4,9.7,Low
CAPF0080,Head Constable,24,5,30,1,7,5,15.8,3,17,8,10,2.6,5.3,1,2.9,High
CAPF0081,SP,51,27,7,0,19,1,8.1,1,0,0,22,8.5,8.2,3,9.5,Low
CAPF0082,Head Constable,31,25,3,0,21,2,8.1,0,4,1,6,7.9,6.7,4,8.5,Low
CAPF0083,Constable,36,9,23,1,5,6,10.0,2,12,3,14,4.7,6.7,2,3.2,Medium
CAPF0084,SI,28,20,11,1,22,1,9.9,0,2,1,3,9.8,9.0,5,7.9,Low
CAPF0085,SI,44,17,6,0,15,0,9.2,0,1,2,8,6.1,6.9,4,9.8,Low
CAPF0086,Head Constable,46,9,20,1,7,7,13.5,5,13,6,3,3.7,5.0,1,2.4,High
CAPF0087,Head Constable,45,28,20,0,9,4,12.6,1,13,4,14,6.4,6.9,2,5.6,Medium
CAPF0088,ASI,48,13,5,0,28,1,8.1,0,4,0,12,9.4,8.7,3,8.0,Low
CAPF0089,ASI,28,5,17,0,15,7,10.7,2,13,2,10,6.8,6.7,1,3.4,Medium
CAPF0090,Constable,48,17,22,0,6,4,15.6,3,19,7,8,1.5,4.3,0,3.5,High
CAPF0091,SP,36,5,11,1,6,5,11.9,2,7,5,28,4.1,5.2,2,4.7,Medium
CAPF0092,SI,35,15,35,1,9,5,15.3,4,19,5,28,2.7,5.2,0,2.0,High
CAPF0093,ASI,50,4,12,0,6,7,11.8,2,5,3,16,4.8,5.7,3,3.0,Medium
CAPF0094,Constable,49,29,7,1,26,1,9.1,1,2,1,20,8.6,8.4,6,7.1,Low
CAPF0095,Inspector,46,24,30,1,2,0,15.9,3,16,7,11,3.7,4.5,1,1.7,High
CAPF0096,SI,45,28,20,0,11,4,12.9,1,5,2,25,5.4,6.6,3,5.1,Medium
CAPF0097,DSP,45,8,18,1,9,6,10.0,2,8,5,10,4.5,6.1,1,5.6,Medium
CAPF0098,Constable,38,12,27,1,5,5,14.4,3,13,7,24,3.9,5.0,0,3.7,High
CAPF0099,SP,34,20,15,1,17,7,11.9,1,12,5,25,5.6,6.9,1,3.4,Medium
CAPF0100,Head Constable,30,6,6,0,12,2,9.1,1,1,2,8,8.7,7.0,5,9.8,Low
CAPF0101,Constable,43,26,2,1,29,1,9.9,1,3,1,2,9.3,8.5,5,6.3,Low
CAPF0102,SI,50,23,10,1,23,0,8.9,1,3,2,20,9.5,8.1,3,6.9,Low
CAPF0103,ASI,50,22,21,1,7,4,11.7,1,10,2,14,5.5,7.0,1,3.3,Medium
CAPF0104,SI,53,9,1,1,27,0,9.7,0,4,0,3,9.1,7.4,6,8.0,Low
CAPF0105,Head Constable,42,15,4,1,12,0,9.7,1,5,2,0,7.1,7.2,5,7.4,Low
CAPF0106,SI,46,20,7,0,24,1,9.3,1,1,2,1,8.0,7.5,4,7.0,Low
CAPF0107,Constable,52,11,11,0,22,2,8.6,0,2,0,9,9.1,6.5,3,6.5,Low
CAPF0108,DSP,33,5,10,0,29,0,8.9,0,0,0,16,8.5,7.6,6,8.8,Low
CAPF0109,SI,50,1,27,1,4,4,14.8,4,15,7,22,4.0,4.2,1,1.4,High
CAPF0110,Inspector,46,18,5,0,20,1,8.2,1,2,1,28,9.9,8.2,6,9.9,Low
CAPF0111,SP,29,18,27,1,9,6,14.5,5,15,8,20,1.9,4.2,1,3.1,High
CAPF0112,Inspector,29,15,6,0,27,0,9.7,1,1,0,7,7.5,8.6,4,6.1,Low
CAPF0113,ASI,27,9,27,1,9,8,15.4,4,12,7,0,2.2,5.4,1,3.0,High
CAPF0114,Inspector,44,19,18,0,6,3,10.3,1,8,3,12,6.8,5.8,2,4.8,Medium
CAPF0115,DSP,53,17,25,1,8,3,14.9,3,12,8,2,3.1,4.9,0,2.2,High
CAPF0116,Head Constable,50,26,11,0,11,1,9.2,1,1,1,24,8.2,7.7,5,9.8,Low
CAPF0117,Head Constable,36,25,5,0,20,2,8.5,1,2,2,3,8.9,8.5,4,8.1,Low
CAPF0118,SP,51,18,23,1,2,0,15.8,4,13,9,1,1.9,4.9,0,1.9,High
CAPF0119,SI,41,4,10,0,19,0,8.2,1,3,1,21,8.8,8.5,5,6.4,Low
CAPF0120,Constable,31,24,31,1,9,3,13.1,5,14,9,25,2.5,4.9,1,2.8,High
CAPF0121,Head Constable,40,4,8,0,19,0,9.5,1,2,0,9,9.3,7.3,6,7.7,Low
CAPF0122,Head Constable,53,11,14,1,7,5,10.5,1,6,2,9,4.5,5.4,1,4.2,Medium
CAPF0123,Inspector,45,28,9,1,18,0,9.0,0,2,2,13,7.8,8.2,5,7.8,Low
CAPF0124,Head Constable,25,13,6,0,15,0,9.2,0,5,0,16,7.6,8.7,5,7.5,Low
CAPF0125,SI,23,6,24,1,5,4,13.2,5,19,6,16,2.0,5.0,1,2.0,High
CAPF0126,SP,37,12,33,1,9,8,14.0,4,13,8,16,3.1,5.4,0,1.6,High
CAPF0127,SI,42,20,3,0,10,0,9.9,1,3,2,5,8.9,6.9,3,9.1,Low
CAPF0128,SP,23,27,1,0,11,0,9.2,0,3,1,24,7.2,6.7,6,7.1,Low
CAPF0129,ASI,33,15,12,1,16,6,11.2,2,8,3,16,6.4,6.0,3,5.3,Medium
CAPF0130,Head Constable,23,3,3,0,12,1,9.3,0,5,1,17,7.2,6.9,5,6.3,Low
CAPF0131,Head Constable,27,25,35,1,3,0,15.8,5,16,5,12,1.4,5.4,1,3.7,High
CAPF0132,Inspector,23,28,2,0,15,0,9.0,0,4,0,22,7.8,8.8,6,6.4,Low
CAPF0133,ASI,42,9,5,0,28,0,9.6,0,1,1,27,8.5,9.0,3,7.2,Low
CAPF0134,ASI,28,27,7,0,29,1,9.4,0,3,2,27,8.5,7.1,3,7.2,Low
CAPF0135,SP,26,1,14,1,14,3,11.2,2,11,3,12,4.1,5.3,1,4.0,Medium
CAPF0136,Head Constable,39,8,5,0,13,1,8.4,1,3,0,2,8.6,6.8,6,8.0,Low
CAPF0137,SI,31,18,6,1,25,0,8.8,0,0,0,25,7.3,6.8,6,8.8,Low
CAPF0138,Inspector,29,13,11,0,14,0,9.0,0,5,0,7,7.8,8.0,6,9.5,Low
CAPF0139,ASI,28,19,1,0,20,2,8.1,0,0,0,27,7.4,7.8,6,7.2,Low
CAPF0140,Head Constable,23,15,5,1,17,0,9.1,0,1,1,17,9.9,6.7,6,7.2,Low
CAPF0141,SI,34,21,4,0,17,1,9.5,1,1,2,15,7.3,6.6,4,6.5,Low
CAPF0142,SI,43,20,21,1,9,3,13.4,4,19,6,29,2.1,4.3,0,2.7,High
CAPF0143,SI,34,21,35,0,8,4,14.5,3,16,7,29,3.6,5.0,1,3.5,High
CAPF0144,DSP,52,15,26,0,4,3,13.5,5,19,7,18,1.1,4.4,1,1.5,High
CAPF0145,SI,29,10,6,0,24,0,9.1,1,2,2,25,8.8,6.8,5,9.5,Low
CAPF0146,Constable,23,9,5,0,16,2,9.8,0,2,1,15,8.2,8.1,3,8.9,Low
CAPF0147,SI,37,19,23,1,3,0,13.0,5,17,8,22,3.2,5.1,1,3.3,High
CAPF0148,ASI,42,10,14,0,9,7,10.4,2,8,5,5,5.8,6.6,2,4.6,Medium
CAPF0149,SI,51,18,9,0,29,1,8.8,1,3,0,18,6.4,8.1,6,6.9,Low
CAPF0150,SI,51,23,3,0,28,0,9.0,1,5,0,16,8.8,8.4,4,9.2,Low
CAPF0151,Head Constable,27,15,13,1,19,4,10.2,1,13,5,13,5.3,5.6,1,5.5,Medium
CAPF0152,SP,27,17,18,0,18,7,12.9,1,8,2,26,4.1,7.0,3,3.1,Medium
CAPF0153,Inspector,25,7,3,0,14,1,8.5,1,2,0,6,7.9,8.6,3,7.7,Low
CAPF0154,Constable,45,12,17,1,8,6,12.2,2,10,3,9,6.3,6.2,1,5.6,Medium
CAPF0155,SI,39,26,7,1,22,2,8.5,1,1,1,10,9.1,7.6,3,6.3,Low
CAPF0156,SI,42,18,2,0,21,1,8.8,0,1,2,4,9.5,8.9,5,7.6,Low
CAPF0157,Head Constable,28,22,14,1,9,5,11.7,1,13,2,22,4.5,6.2,1,3.1,Medium
CAPF0158,Inspector,42,5,22,1,6,2,12.6,2,13,4,1,5.8,6.4,1,3.9,Medium
CAPF0159,Constable,53,7,11,1,14,4,10.3,2,7,2,20,5.5,6.5,3,6.2,Medium
CAPF0160,SP,47,17,4,0,17,1,9.5,1,4,2,1,7.0,8.7,6,9.8,Low
CAPF0161,DSP,32,24,3,0,20,2,9.8,0,3,2,11,7.8,6.8,6,7.6,Low
CAPF0162,SI,27,12,21,0,14,5,12.3,2,12,4,1,6.7,6.3,3,5.1,Medium
CAPF0163,ASI,25,6,3,0,25,2,9.8,0,5,0,13,6.7,8.0,5,9.6,Low
CAPF0164,Constable,48,5,11,1,15,1,9.0,0,4,2,24,8.5,6.8,4,6.7,Low
CAPF0165,SI,32,2,9,0,27,1,9.6,0,5,0,14,9.4,8.9,6,9.3,Low
CAPF0166,Constable,39,26,14,1,6,2,10.8,1,9,5,10,6.2,6.7,2,4.7,Medium
CAPF0167,DSP,41,28,10,1,16,7,12.5,1,7,2,0,5.0,5.3,2,5.7,Medium
CAPF0168,SP,30,3,35,1,3,0,14.9,3,12,9,27,2.2,4.0,0,3.3,High
CAPF0169,Head Constable,40,14,12,1,12,7,12.7,1,11,4,26,5.4,5.2,2,6.5,Medium
CAPF0170,Constable,41,13,17,1,7,2,12.2,2,11,3,6,6.9,6.7,3,6.3,Medium
CAPF0171,Constable,54,24,20,1,5,7,11.9,1,7,4,19,4.4,5.9,2,3.3,Medium
CAPF0172,ASI,37,29,5,0,23,1,8.6,0,5,0,29,9.5,6.6,6,9.5,Low
CAPF0173,DSP,30,29,31,1,0,0,14.7,3,13,9,8,1.8,4.8,0,1.7,High
CAPF0174,Constable,50,22,11,1,13,4,12.6,2,11,4,7,5.3,5.2,2,6.1,Medium
CAPF0175,DSP,48,23,23,1,1,0,15.4,4,18,8,8,3.4,4.2,1,3.9,High
CAPF0176,SP,50,13,15,0,14,2,10.2,1,5,2,16,6.7,5.9,2,4.0,Medium
CAPF0177,DSP,54,26,12,1,15,5,11.3,2,5,2,6,4.0,6.1,1,3.9,Medium
CAPF0178,Constable,34,11,35,1,4,3,14.5,5,17,5,13,1.9,4.6,0,3.5,High
CAPF0179,Inspector,47,7,34,1,0,0,13.8,3,15,7,27,3.0,4.6,1,1.8,High
CAPF0180,Constable,39,5,30,1,0,0,13.0,5,18,5,18,1.8,4.9,1,3.0,High
CAPF0181,SI,35,18,10,0,15,6,10.2,2,13,4,18,6.0,5.8,1,4.4,Medium
CAPF0182,Constable,33,3,26,1,1,0,15.6,3,14,9,10,3.5,5.4,1,4.0,High
CAPF0183,Inspector,30,21,19,1,6,5,12.7,1,13,4,5,6.5,6.6,2,5.8,Medium
CAPF0184,SI,54,24,31,1,9,5,15.4,3,15,8,6,1.3,5.4,0,3.7,High
CAPF0185,SI,52,27,14,0,16,4,11.9,1,5,2,29,4.1,6.9,3,5.6,Medium
CAPF0186,Constable,45,27,15,1,6,6,12.5,2,8,5,2,4.3,7.0,1,3.7,Medium
CAPF0187,SI,44,6,29,0,4,4,13.1,4,19,7,3,1.9,4.2,1,1.4,High
CAPF0188,Constable,34,2,20,1,4,3,13.3,3,17,8,12,2.0,4.0,1,2.6,High
CAPF0189,ASI,25,19,26,1,4,4,14.3,5,19,9,0,2.5,4.3,0,3.0,High
CAPF0190,Inspector,42,8,12,1,13,3,10.5,1,8,4,27,6.6,6.6,3,5.5,Medium
CAPF0191,Inspector,49,5,23,0,4,4,15.7,5,14,9,16,2.6,4.9,1,3.6,High
CAPF0192,Constable,45,23,23,1,10,4,10.1,1,7,4,14,5.8,6.0,2,4.5,Medium
CAPF0193,Constable,38,17,12,1,7,2,11.7,2,6,5,16,5.8,6.7,3,6.2,Medium
CAPF0194,ASI,31,10,6,0,20,2,8.5,1,5,0,29,9.1,8.8,6,9.7,Low
CAPF0195,SI,24,1,11,1,12,7,11.0,1,13,3,3,4.6,5.0,3,7.0,Medium
CAPF0196,Constable,35,4,34,1,7,3,13.4,4,16,8,29,3.7,5.0,0,3.1,High
CAPF0197,ASI,38,23,3,0,25,1,9.1,1,4,0,1,9.8,8.2,3,8.1,Low
CAPF0198,DSP,50,7,31,1,6,5,13.4,4,19,8,20,3.4,5.3,0,3.8,High
CAPF0199,Constable,31,10,28,0,6,6,13.7,4,14,9,3,1.4,4.6,0,3.7,High
CAPF0200,SI,52,14,13,0,15,3,12.0,2,8,2,1,5.7,6.6,2,3.5,Medium
CAPF0201,Head Constable,45,18,11,0,15,0,8.5,0,0,2,7,6.2,7.0,3,7.1,Low
CAPF0202,Inspector,34,19,9,1,13,1,8.2,0,0,0,16,9.4,6.8,3,7.3,Low
CAPF0203,SI,42,11,3,0,24,2,8.2,0,1,0,12,9.4,7.5,5,8.7,Low
CAPF0204,SI,49,9,11,1,26,0,9.9,1,5,0,2,8.5,6.8,5,10.0,Low
CAPF0205,Head Constable,32,22,23,0,13,2,12.3,2,11,2,23,6.5,5.4,1,6.4,Medium
CAPF0206,SI,22,4,22,0,16,6,12.3,2,13,5,20,6.2,6.9,2,6.9,Medium
CAPF0207,ASI,35,10,9,1,11,1,9.6,0,4,2,2,7.0,8.6,4,9.6,Low
CAPF0208,SP,38,8,15,1,8,5,11.6,2,12,2,27,5.6,5.9,2,5.7,Medium
CAPF0209,ASI,28,20,25,1,8,3,13.1,5,17,5,24,2.3,4.2,1,2.0,High
CAPF0210,ASI,25,8,5,1,17,0,9.3,1,2,0,2,9.1,7.9,6,9.1,Low
CAPF0211,Inspector,32,15,11,1,12,5,11.8,2,11,5,27,7.0,5.1,2,4.0,Medium
CAPF0212,Constable,52,28,30,1,4,4,15.2,5,12,6,10,2.7,5.3,0,1.4,High
CAPF0213,Constable,54,18,4,1,14,0,8.7,0,0,2,5,6.2,6.7,4,6.6,Low
CAPF0214,SP,51,6,22,1,17,7,12.8,1,10,3,28,5.4,6.9,2,5.2,Medium
CAPF0215,Inspector,33,11,20,0,16,4,12.0,2,6,4,4,4.3,5.8,2,5.5,Medium
CAPF0216,ASI,37,2,16,1,15,4,10.2,1,10,5,1,6.7,6.7,1,6.8,Medium
CAPF0217,Inspector,30,5,29,1,5,3,14.4,4,18,5,9,1.5,4.7,0,2.7,High
CAPF0218,SI,50,3,35,1,5,3,14.7,5,16,6,11,2.5,4.5,1,3.4,High
CAPF0219,Head Constable,51,3,13,0,8,5,10.9,1,6,4,2,6.3,6.0,1,4.5,Medium
CAPF0220,ASI,47,13,29,1,0,0,14.1,4,15,9,19,2.2,4.8,0,3.5,High
CAPF0221,Head Constable,32,24,11,0,13,0,8.4,1,1,0,18,8.7,6.9,4,6.9,Low
CAPF0222,SI,36,18,19,0,8,3,12.5,2,11,4,19,6.7,6.8,2,4.7,Medium
CAPF0223,Constable,48,8,3,0,12,2,9.2,1,5,0,28,9.8,7.4,4,8.0,Low
CAPF0224,Inspector,27,5,17,1,9,7,11.1,1,6,2,24,4.8,5.9,1,4.7,Medium
CAPF0225,SP,26,13,26,1,3,0,13.9,5,14,7,22,3.9,4.1,1,1.7,High
CAPF0226,DSP,42,8,23,0,12,7,12.5,1,7,3,16,7.0,5.3,3,4.6,Medium
CAPF0227,SP,42,5,10,0,13,2,9.4,0,5,0,5,6.2,7.2,6,7.1,Low
CAPF0228,SP,38,2,28,1,6,4,13.5,5,18,6,26,1.3,5.0,1,3.4,High
CAPF0229,Constable,47,15,6,1,10,0,8.7,0,2,0,3,8.7,8.3,6,7.7,Low
CAPF0230,SI,54,17,21,1,2,0,13.0,4,14,6,7,2.3,4.9,1,1.7,High
CAPF0231,Constable,44,2,5,1,29,2,9.4,1,4,1,23,6.9,7.9,6,9.5,Low
CAPF0232,Constable,33,21,24,1,7,6,13.2,3,18,7,10,3.7,5.3,0,1.0,High
CAPF0233,SI,43,5,1,0,25,0,9.9,0,3,1,26,9.1,8.0,6,7.1,Low
CAPF0234,SP,39,10,7,0,29,0,9.9,1,5,2,8,9.1,8.1,4,9.1,Low
CAPF0235,Head Constable,48,17,33,1,3,0,14.6,3,17,6,11,2.7,4.2,1,1.6,High
CAPF0236,ASI,48,9,10,1,24,1,9.0,1,1,1,21,8.4,8.2,4,6.3,Low
CAPF0237,ASI,23,29,13,1,5,7,10.3,1,9,3,3,4.8,6.4,2,5.7,Medium
CAPF0238,Head Constable,25,7,28,1,8,7,13.5,3,17,7,16,3.3,5.3,0,2.9,High
CAPF0239,ASI,42,25,10,1,7,5,10.7,1,10,5,27,4.0,6.3,2,4.7,Medium
CAPF0240,SI,44,15,32,1,7,3,14.5,3,14,8,19,3.0,4.9,0,3.1,High
CAPF0241,SP,31,18,1,0,25,1,8.4,1,1,2,5,6.9,7.6,5,8.4,Low
CAPF0242,SI,38,9,11,1,28,1,8.6,1,2,1,28,9.0,7.8,5,8.1,Low
CAPF0243,Constable,36,28,16,0,15,4,10.8,2,10,2,17,5.4,6.3,3,5.5,Medium
CAPF0244,DSP,22,6,35,0,6,5,14.3,4,15,9,5,3.8,4.7,1,1.3,High
CAPF0245,Inspector,33,28,5,1,14,0,9.6,1,1,2,26,8.7,8.3,5,6.4,Low
CAPF0246,SP,37,1,18,0,9,5,11.1,2,8,5,16,4.6,6.6,3,6.2,Medium
CAPF0247,Constable,43,9,6,0,25,2,9.1,1,5,0,28,9.5,8.6,4,7.4,Low
CAPF0248,SP,54,17,22,0,6,7,12.2,2,11,2,29,6.2,5.3,1,5.9,Medium
CAPF0249,Head Constable,40,22,3,0,16,2,8.5,0,3,2,14,6.8,7.1,3,7.2,Low
CAPF0250,ASI,22,2,22,1,6,4,11.2,1,5,4,28,6.3,6.4,3,3.8,Medium
CAPF0251,Inspector,22,17,10,1,5,4,11.5,1,11,5,29,4.6,7.0,1,4.6,Medium
CAPF0252,Constable,43,16,30,1,8,3,14.4,3,16,7,8,3.6,5.0,1,3.2,High
CAPF0253,ASI,39,19,15,1,18,7,12.4,1,7,4,15,5.5,6.7,1,3.1,Medium
CAPF0254,DSP,36,20,6,0,22,0,8.8,1,3,2,28,9.9,6.7,3,7.8,Low
CAPF0255,Inspector,48,11,12,0,19,4,10.7,2,12,4,1,5.1,6.4,3,3.2,Medium
CAPF0256,Constable,53,26,18,1,17,7,10.0,1,12,4,19,5.8,5.1,1,6.1,Medium
CAPF0257,Inspector,47,4,3,1,12,0,9.2,1,3,0,9,9.0,7.4,4,9.6,Low
CAPF0258,DSP,33,10,23,1,6,7,10.5,2,10,5,11,4.6,5.4,3,5.4,Medium
CAPF0259,Constable,24,29,19,0,19,4,12.1,2,11,3,0,4.8,6.9,1,5.8,Medium
CAPF0260,SI,41,26,14,0,11,7,12.1,2,8,4,4,6.3,5.5,3,6.3,Medium
CAPF0261,Constable,27,25,21,1,18,3,10.7,2,10,3,23,6.5,5.8,3,5.5,Medium
CAPF0262,SP,52,27,7,1,29,2,10.0,0,1,2,28,6.3,8.5,3,6.4,Low
CAPF0263,Inspector,43,6,30,0,5,5,13.7,4,16,9,13,3.7,4.2,1,3.5,High
CAPF0264,Constable,25,29,35,0,9,5,13.9,3,19,7,28,2.9,4.0,0,3.6,High
CAPF0265,ASI,26,19,21,1,4,3,15.1,5,15,7,20,3.8,5.3,0,2.0,High
CAPF0266,SI,32,21,25,1,1,0,15.4,5,12,7,11,3.0,5.4,0,3.0,High
CAPF0267,Constable,38,29,20,1,16,7,12.1,2,10,4,13,5.8,6.5,3,3.7,Medium
CAPF0268,SI,23,4,2,0,22,0,9.6,1,2,2,21,8.7,8.6,4,9.6,Low
CAPF0269,SI,48,21,17,1,11,6,11.8,1,12,3,22,6.6,5.2,3,5.6,Medium
CAPF0270,SP,33,17,9,0,23,2,10.0,0,1,0,16,8.5,8.1,5,9.8,Low
CAPF0271,DSP,41,3,32,1,9,6,13.3,5,13,8,4,2.4,4.3,0,1.8,High
CAPF0272,SI,34,4,27,1,3,0,13.5,3,19,9,4,3.5,4.3,1,2.1,High
CAPF0273,SI,45,3,2,1,14,1,8.7,1,5,1,11,8.3,8.6,5,9.2,Low
CAPF0274,DSP,39,19,7,0,22,0,8.2,1,1,0,11,7.7,8.3,3,7.8,Low
CAPF0275,SP,37,9,29,1,4,4,13.9,3,18,9,11,3.8,5.5,0,1.0,High
CAPF0276,ASI,27,19,21,1,17,6,11.1,1,6,5,12,6.3,5.7,3,3.5,Medium
CAPF0277,Head Constable,24,28,23,0,16,6,11.9,2,11,5,2,4.4,5.7,3,5.3,Medium
CAPF0278,Head Constable,52,29,6,0,21,0,9.2,0,5,0,4,9.2,8.5,6,7.5,Low
CAPF0279,Constable,34,17,9,0,27,0,8.5,1,3,2,21,6.0,8.0,6,9.5,Low
CAPF0280,Constable,49,25,1,0,22,2,8.6,0,2,0,28,6.8,8.9,6,7.0,Low
CAPF0281,Head Constable,40,20,6,0,25,2,8.9,0,4,1,14,7.9,7.5,4,8.7,Low
CAPF0282,Head Constable,37,9,31,0,2,0,14.5,5,15,5,14,3.5,5.3,0,1.5,High
CAPF0283,Inspector,53,26,23,0,19,2,12.7,1,5,4,28,4.2,6.6,2,5.3,Medium
CAPF0284,SP,45,17,27,0,2,0,14.2,5,16,9,20,1.3,5.2,1,1.8,High
CAPF0285,SP,47,17,27,1,2,0,15.8,4,12,7,10,3.5,4.3,1,3.8,High
CAPF0286,Inspector,22,10,4,0,17,2,9.4,1,3,2,17,7.2,7.6,5,7.4,Low
CAPF0287,Constable,24,26,34,1,7,7,16.0,3,13,8,23,1.3,4.3,0,1.5,High
CAPF0288,Head Constable,47,15,18,1,19,4,12.3,2,7,4,1,6.3,5.6,3,3.2,Medium
CAPF0289,Head Constable,43,21,23,1,8,6,15.3,3,19,5,29,1.6,4.7,1,2.0,High
CAPF0290,SI,44,4,15,1,10,2,12.0,1,8,4,26,5.8,5.9,1,4.6,Medium
CAPF0291,SI,50,5,22,1,4,4,14.7,3,14,6,8,1.0,4.8,1,3.5,High
CAPF0292,Head Constable,30,7,20,1,5,4,15.1,4,14,8,25,1.5,4.3,0,2.7,High
CAPF0293,SP,42,15,11,0,19,3,10.2,2,5,4,16,5.8,5.4,1,4.0,Medium
CAPF0294,ASI,35,15,8,0,15,2,8.3,1,5,1,7,7.9,6.9,4,7.9,Low
CAPF0295,DSP,26,26,32,1,8,4,14.2,4,16,7,19,3.8,4.0,0,3.1,High
CAPF0296,ASI,38,3,2,0,20,2,9.9,1,5,1,18,7.0,6.7,6,8.0,Low
CAPF0297,ASI,35,5,10,1,13,0,9.7,1,4,0,15,9.8,7.4,5,7.8,Low
CAPF0298,DSP,52,9,4,0,17,2,9.1,0,5,0,6,9.5,7.1,6,8.2,Low
CAPF0299,SP,44,5,8,0,14,0,8.9,0,4,0,29,9.0,7.2,4,8.1,Low
CAPF0300,Head Constable,41,6,22,0,13,6,11.3,2,11,3,15,4.7,5.5,2,5.2,Medium
CAPF0301,SP,43,1,22,1,5,4,15.5,5,19,8,19,3.2,4.5,0,2.0,High
CAPF0302,SP,26,15,11,1,19,2,8.9,0,0,2,19,6.5,7.6,4,9.8,Low
CAPF0303,DSP,35,3,18,0,19,2,10.5,1,13,3,19,6.1,6.8,1,4.4,Medium
CAPF0304,Head Constable,39,22,3,1,21,0,8.5,1,5,0,26,6.9,7.3,3,9.5,Low
CAPF0305,Constable,23,26,3,0,21,0,8.8,1,1,1,26,7.2,8.5,5,6.2,Low
CAPF0306,SP,29,5,17,0,5,5,12.7,1,12,5,25,4.5,5.9,2,3.9,Medium
CAPF0307,SI,36,4,6,1,14,0,8.7,0,5,2,14,8.7,7.0,4,9.5,Low
CAPF0308,ASI,51,13,22,1,10,3,11.7,1,11,5,18,4.8,6.1,1,4.4,Medium
CAPF0309,Inspector,36,25,20,0,10,5,11.9,1,10,5,19,4.7,6.8,1,4.6,Medium
CAPF0310,SI,28,4,11,0,13,3,11.2,1,9,3,18,7.0,6.3,1,3.1,Medium
CAPF0311,SP,37,16,3,1,11,0,9.2,1,2,2,13,7.7,7.7,4,7.8,Low
CAPF0312,SP,49,21,11,0,20,0,8.6,0,4,2,9,7.0,6.5,4,7.9,Low
CAPF0313,Head Constable,23,17,27,0,0,0,14.5,4,14,6,15,1.4,5.0,0,1.5,High
CAPF0314,DSP,37,13,4,1,19,2,8.6,0,4,1,21,7.3,8.2,6,8.6,Low
CAPF0315,Head Constable,41,7,11,1,19,0,8.2,1,1,0,27,6.5,8.8,6,6.1,Low
CAPF0316,ASI,45,21,31,1,3,0,15.2,3,13,5,9,3.4,5.4,0,2.8,High
CAPF0317,Inspector,46,1,11,1,17,5,10.4,2,10,5,12,4.9,6.7,1,5.1,Medium
CAPF0318,Head Constable,38,13,15,0,10,5,10.9,2,9,5,22,5.8,5.7,3,3.1,Medium
CAPF0319,SP,36,11,23,0,11,4,10.4,2,13,3,0,5.0,6.8,2,6.6,Medium
CAPF0320,ASI,46,22,1,0,18,0,9.1,1,5,2,1,9.8,8.5,3,8.3,Low
CAPF0321,SI,47,16,20,0,15,6,10.7,2,8,5,2,6.5,5.2,3,6.9,Medium
CAPF0322,ASI,24,28,20,1,2,0,14.0,3,12,5,2,3.0,4.7,1,1.9,High
CAPF0323,SI,43,28,21,0,17,6,11.7,2,11,5,19,6.2,5.9,3,5.5,Medium
CAPF0324,Inspector,40,16,15,0,16,2,10.7,2,12,3,6,5.4,6.0,3,5.3,Medium
CAPF0325,SP,49,1,34,0,3,0,13.2,4,13,7,2,2.5,5.4,1,3.1,High
CAPF0326,ASI,45,16,23,1,2,0,15.2,3,14,9,24,3.1,5.5,1,2.7,High
CAPF0327,Inspector,44,18,25,1,5,3,13.9,5,15,7,27,2.4,5.4,0,2.2,High
CAPF0328,Constable,50,13,19,1,18,7,12.4,2,5,5,14,6.0,5.3,3,7.0,Medium
CAPF0329,Constable,39,17,12,1,14,7,10.0,1,9,5,8,4.2,5.9,2,6.3,Medium
CAPF0330,Constable,47,4,7,0,13,2,9.1,1,2,0,0,8.7,6.8,3,6.2,Low
CAPF0331,Head Constable,52,4,9,0,27,0,8.2,1,2,1,4,8.3,7.8,5,9.6,Low
CAPF0332,DSP,28,29,10,0,27,1,8.9,0,5,1,0,8.5,7.3,4,9.3,Low
CAPF0333,Head Constable,33,22,7,0,19,0,8.7,1,3,1,29,8.3,7.7,4,9.7,Low
CAPF0334,Constable,24,7,6,1,21,1,8.2,1,0,2,10,8.4,6.8,5,6.1,Low
CAPF0335,DSP,27,10,14,1,6,5,12.7,1,8,4,24,5.5,6.2,1,3.3,Medium
CAPF0336,Inspector,26,23,16,1,17,7,10.7,2,11,5,4,5.9,5.8,3,5.3,Medium
CAPF0337,ASI,33,15,29,1,2,0,14.6,4,18,9,5,1.6,4.0,0,1.6,High
CAPF0338,ASI,30,28,12,1,17,4,11.1,2,8,4,13,4.1,6.0,1,5.2,Medium
CAPF0339,Constable,33,25,26,0,7,3,13.3,3,12,5,16,2.0,5.0,0,2.8,High
CAPF0340,DSP,49,19,35,1,1,0,15.0,5,18,7,23,3.8,5.0,0,1.4,High
CAPF0341,SP,34,5,18,0,10,7,11.2,1,5,5,24,4.1,5.4,2,6.9,Medium
CAPF0342,Head Constable,47,14,2,0,20,2,9.4,0,1,2,13,7.7,8.8,5,8.5,Low
CAPF0343,SI,49,27,27,1,0,0,14.2,5,18,7,19,1.8,4.5,0,3.2,High
CAPF0344,Constable,29,12,24,0,2,0,15.1,3,14,9,22,4.0,4.9,1,1.4,High
CAPF0345,Inspector,36,1,29,1,1,0,15.7,5,12,7,20,3.1,5.0,0,2.8,High
CAPF0346,SP,30,21,20,0,15,7,11.7,1,7,4,12,5.4,5.1,2,3.2,Medium
CAPF0347,Inspector,27,11,19,0,13,3,11.5,1,5,4,24,5.3,5.6,2,5.4,Medium
CAPF0348,DSP,22,4,11,1,22,2,9.2,1,4,2,24,8.5,6.7,5,8.2,Low
CAPF0349,SI,54,2,11,0,10,1,9.2,0,4,2,15,9.0,8.5,3,9.7,Low
CAPF0350,SP,39,28,2,0,19,1,8.6,1,5,0,23,9.3,7.6,6,6.7,Low
CAPF0351,Constable,36,18,13,1,11,6,11.9,2,13,3,14,4.5,6.9,3,6.5,Medium
CAPF0352,Inspector,34,4,13,1,9,4,13.0,1,13,5,23,4.7,6.3,3,6.6,Medium
CAPF0353,Inspector,47,19,19,0,9,6,12.7,2,11,3,4,5.9,6.4,3,6.2,Medium
CAPF0354,Constable,39,11,34,1,6,4,15.9,5,12,9,21,2.3,5.0,0,2.9,High
CAPF0355,Inspector,35,17,3,0,21,2,8.8,0,5,2,18,9.6,8.8,6,7.5,Low
CAPF0356,SP,34,7,33,0,0,0,14.0,5,18,7,26,2.8,4.4,1,2.5,High
CAPF0357,SI,49,3,28,0,9,9,15.7,5,17,9,10,2.5,4.5,0,2.9,High
CAPF0358,DSP,22,29,22,1,6,3,15.9,3,19,7,7,1.9,5.2,1,3.3,High
CAPF0359,SI,32,10,12,0,11,2,12.6,1,12,4,20,4.7,6.4,3,3.4,Medium
CAPF0360,SP,52,17,13,0,8,7,11.7,1,5,4,27,6.1,6.6,3,3.4,Medium
CAPF0361,SP,45,8,11,1,19,6,11.2,1,10,4,28,4.8,6.4,3,4.0,Medium
CAPF0362,DSP,52,29,4,1,16,0,9.1,0,5,2,24,6.7,7.4,3,6.7,Low
CAPF0363,ASI,38,16,6,0,14,1,8.9,1,0,1,25,7.6,7.5,3,9.3,Low
CAPF0364,SI,30,5,5,1,18,0,9.3,1,0,2,9,9.7,8.6,3,7.4,Low
CAPF0365,Constable,54,1,11,1,16,0,9.8,0,5,1,23,8.9,6.9,4,9.5,Low
CAPF0366,Inspector,45,24,2,1,11,2,8.1,1,0,1,16,9.7,6.8,6,6.4,Low
CAPF0367,Head Constable,24,7,6,0,11,1,8.7,1,4,1,23,9.5,8.7,4,6.0,Low
CAPF0368,SP,33,10,8,1,23,0,8.6,0,3,1,18,6.4,7.5,4,8.8,Low
CAPF0369,DSP,50,22,4,0,12,1,9.7,1,0,1,10,8.2,7.1,6,6.7,Low
CAPF0370,Inspector,40,25,22,0,7,5,14.0,5,18,6,11,1.9,4.4,0,3.0,High
CAPF0371,Head Constable,49,1,1,0,17,1,9.6,1,4,0,3,9.0,8.9,5,6.6,Low
CAPF0372,ASI,23,10,20,1,6,6,15.5,5,15,9,17,3.6,4.4,0,3.9,High
CAPF0373,Inspector,44,26,6,0,22,0,9.3,0,0,1,12,6.3,6.8,4,7.5,Low
CAPF0374,SI,37,14,30,0,6,4,14.1,5,16,7,28,2.5,5.4,0,3.5,High
CAPF0375,SP,22,29,3,0,20,2,8.4,0,0,0,13,9.3,8.8,5,8.8,Low
CAPF0376,DSP,33,24,16,1,19,3,11.9,1,8,2,15,5.3,5.8,1,6.9,Medium
CAPF0377,SP,47,1,23,0,11,5,12.5,2,6,3,10,6.7,5.4,2,4.4,Medium
CAPF0378,Inspector,51,8,11,0,18,0,8.2,0,5,0,25,9.4,6.7,3,7.6,Low
CAPF0379,Inspector,52,4,11,1,18,2,12.7,1,5,3,17,5.8,6.5,1,3.8,Medium
CAPF0380,SP,53,21,20,0,16,2,10.2,2,9,4,2,5.3,6.5,2,4.4,Medium
CAPF0381,Head Constable,28,14,3,1,29,0,9.1,1,0,2,13,9.4,8.3,3,7.5,Low
CAPF0382,Inspector,47,26,15,0,8,2,11.2,2,10,5,13,5.4,5.8,1,5.5,Medium
CAPF0383,Head Constable,54,13,9,0,21,1,9.0,1,3,0,13,7.7,7.5,4,7.9,Low
CAPF0384,Head Constable,41,27,10,0,25,1,9.0,1,1,1,13,7.3,8.9,5,7.6,Low
CAPF0385,SI,51,21,17,1,10,3,12.3,2,7,3,18,4.2,6.9,2,6.6,Medium
CAPF0386,ASI,30,15,6,1,14,2,8.4,0,4,2,2,7.1,8.6,5,9.3,Low
CAPF0387,Constable,31,26,10,0,23,1,8.1,1,2,1,16,9.0,8.6,6,7.2,Low
CAPF0388,DSP,33,17,3,0,14,2,9.0,1,1,0,9,8.5,8.3,3,9.9,Low
CAPF0389,Inspector,29,4,12,0,9,5,11.5,2,13,3,28,4.4,6.1,3,5.9,Medium
CAPF0390,Inspector,43,12,6,1,10,1,9.5,1,3,1,9,9.7,6.7,6,8.0,Low
CAPF0391,Head Constable,45,1,25,1,8,8,14.7,5,19,7,26,2.0,4.1,1,1.5,High
CAPF0392,SI,44,2,28,1,9,3,14.4,5,13,7,24,3.3,4.4,0,1.2,High
CAPF0393,DSP,39,14,7,0,12,2,8.2,1,0,0,29,7.7,7.1,5,6.2,Low
CAPF0394,Inspector,39,5,5,1,13,1,8.2,0,2,1,29,8.1,8.9,6,7.1,Low
CAPF0395,SP,40,29,20,0,18,7,10.8,1,12,3,2,6.7,5.1,2,5.4,Medium
CAPF0396,ASI,47,24,29,0,4,3,14.5,4,14,8,11,3.6,5.4,0,3.1,High
CAPF0397,DSP,28,8,9,1,24,1,8.8,1,4,2,27,7.1,8.7,3,7.3,Low
CAPF0398,SP,37,29,13,1,12,6,12.3,1,9,4,3,4.4,5.7,1,6.9,Medium
CAPF0399,SP,26,2,24,0,5,4,14.0,5,13,9,13,1.3,4.5,0,2.6,High
CAPF0400,SP,31,11,10,1,17,0,9.0,1,2,1,24,7.3,7.6,3,8.8,Low
CAPF0401,SP,24,9,5,0,21,1,8.8,1,1,1,28,6.2,9.0,4,7.4,Low
CAPF0402,ASI,22,7,22,1,9,6,14.6,3,13,5,25,2.8,4.9,0,2.3,High
CAPF0403,ASI,25,7,11,0,26,2,9.7,0,5,2,22,8.7,6.5,4,7.7,Low
CAPF0404,SP,51,4,8,0,25,1,8.6,1,0,1,2,8.9,8.0,5,7.8,Low
CAPF0405,DSP,36,23,11,1,10,6,12.6,2,5,5,27,6.6,6.1,3,3.9,Medium
CAPF0406,Inspector,28,25,1,1,28,0,8.9,1,5,0,11,8.1,7.0,4,8.9,Low
CAPF0407,ASI,22,28,2,0,28,0,9.6,1,1,0,16,7.8,6.9,3,7.0,Low
CAPF0408,Inspector,34,14,5,0,28,1,8.2,0,1,0,23,8.4,7.0,6,7.7,Low
CAPF0409,Inspector,46,28,30,1,7,6,14.6,4,13,5,4,2.5,5.3,1,3.8,High
CAPF0410,Head Constable,41,20,6,1,12,0,9.9,0,0,0,11,8.3,8.0,4,6.3,Low
CAPF0411,Inspector,28,22,8,1,28,2,9.9,1,2,0,9,9.2,7.9,5,8.5,Low
CAPF0412,SI,25,6,28,1,6,3,13.0,5,18,8,24,4.0,5.1,0,1.9,High
CAPF0413,SI,44,17,23,1,7,5,14.8,5,14,9,0,3.0,4.8,0,1.4,High
CAPF0414,SI,31,15,9,0,26,0,9.6,0,4,2,26,7.4,7.9,5,8.8,Low
CAPF0415,DSP,28,4,7,0,21,1,9.0,0,5,2,17,6.6,8.3,5,8.3,Low
CAPF0416,ASI,33,2,9,0,29,0,9.7,1,2,2,10,7.4,7.9,4,9.6,Low
CAPF0417,SP,33,7,7,0,19,0,8.2,1,3,2,17,9.0,7.5,3,6.2,Low
CAPF0418,SP,36,14,33,1,1,0,14.9,4,18,5,5,2.1,5.1,1,2.5,High
CAPF0419,Head Constable,45,17,35,0,7,4,13.7,4,13,7,19,2.5,4.1,1,1.7,High
CAPF0420,Inspector,52,24,10,0,14,1,8.0,0,4,1,11,7.7,8.9,5,7.8,Low
CAPF0421,Inspector,23,20,13,0,13,6,12.2,2,10,2,27,4.2,5.4,1,5.8,Medium
CAPF0422,Head Constable,33,13,15,1,13,2,10.9,1,7,5,23,6.1,5.9,1,6.9,Medium
CAPF0423,Constable,24,8,17,1,12,3,11.3,2,7,4,10,5.7,5.5,2,6.6,Medium
CAPF0424,Inspector,44,27,11,0,17,4,12.8,2,8,2,13,5.7,5.1,1,4.2,Medium
CAPF0425,Head Constable,26,7,35,0,1,0,15.3,5,15,5,17,3.3,5.3,0,1.8,High
CAPF0426,Inspector,37,27,14,0,6,7,11.3,1,6,4,4,5.8,5.3,2,5.0,Medium
CAPF0427,Inspector,53,26,16,1,6,6,12.5,1,11,3,15,5.2,6.8,3,6.8,Medium
CAPF0428,Constable,48,1,6,0,15,1,9.3,0,3,1,20,8.4,7.2,6,8.6,Low
CAPF0429,DSP,41,3,23,0,5,2,10.1,1,6,4,18,5.6,6.3,3,4.0,Medium
CAPF0430,DSP,24,10,10,0,26,2,8.1,1,3,1,4,7.1,8.8,4,7.6,Low
CAPF0431,Inspector,52,13,5,1,25,0,9.3,0,3,1,23,8.7,7.3,4,6.4,Low
CAPF0432,ASI,28,6,24,1,7,3,15.6,3,13,6,20,3.5,4.9,1,3.6,High
CAPF0433,DSP,37,4,5,0,19,0,9.5,1,1,1,19,8.1,7.6,3,8.3,Low
CAPF0434,Inspector,48,24,6,0,18,0,9.9,0,4,1,12,6.8,6.6,4,10.0,Low
CAPF0435,ASI,30,21,1,0,23,1,9.3,0,4,0,26,7.4,8.7,4,6.5,Low
CAPF0436,Head Constable,41,7,29,0,6,4,13.6,4,14,9,23,3.3,4.5,0,3.1,High
CAPF0437,Constable,34,1,1,1,21,0,8.6,1,3,0,23,9.2,7.9,5,9.1,Low
CAPF0438,ASI,47,19,8,1,20,0,9.0,0,2,0,3,6.6,7.1,5,8.7,Low
CAPF0439,ASI,54,5,22,0,16,2,13.0,2,11,2,15,6.5,5.7,3,4.8,Medium
CAPF0440,Constable,46,16,16,1,18,7,10.7,2,9,5,25,4.9,5.4,1,3.8,Medium
CAPF0441,Inspector,42,4,12,1,6,7,10.4,2,8,2,11,4.5,5.2,1,3.5,Medium
CAPF0442,SP,54,3,22,1,18,7,10.1,1,7,2,25,4.5,5.8,1,5.8,Medium
CAPF0443,SP,53,10,12,0,7,6,12.4,1,7,4,10,5.3,6.8,1,4.8,Medium
CAPF0444,Inspector,50,15,10,0,24,1,9.5,1,3,1,28,6.0,7.2,3,6.7,Low
CAPF0445,Head Constable,41,26,9,1,22,1,8.2,1,2,1,15,8.4,8.9,4,6.4,Low
CAPF0446,DSP,30,10,32,1,4,3,13.8,3,15,8,0,3.3,5.4,1,2.9,High
CAPF0447,DSP,34,7,2,1,13,0,8.5,0,0,0,11,7.6,6.7,4,7.7,Low
CAPF0448,SP,31,24,9,0,14,1,8.0,1,3,2,10,7.0,8.0,4,7.2,Low
CAPF0449,Head Constable,33,17,5,0,15,2,9.0,1,5,2,3,7.9,7.2,5,9.3,Low
CAPF0450,SP,51,8,11,0,15,6,11.3,2,12,5,1,4.8,5.0,2,4.8,Medium
CAPF0451,Constable,50,7,3,1,28,1,9.7,1,4,2,27,8.8,8.4,6,9.8,Low
CAPF0452,ASI,43,15,14,0,5,3,12.2,1,11,4,12,5.3,6.2,1,3.3,Medium
CAPF0453,ASI,23,17,7,1,10,0,8.1,1,4,1,5,10.0,8.8,3,7.9,Low
CAPF0454,DSP,47,7,29,1,5,4,15.2,4,19,8,11,1.7,4.3,0,1.8,High
CAPF0455,DSP,46,13,12,0,13,5,10.4,2,6,2,1,4.5,6.2,1,4.2,Medium
CAPF0456,Head Constable,26,3,12,0,13,5,11.6,2,12,4,10,6.1,6.3,1,4.7,Medium
CAPF0457,SI,32,23,5,0,25,2,9.9,1,4,1,25,7.3,6.8,3,7.0,Low
CAPF0458,ASI,52,19,6,0,11,2,8.1,1,0,2,7,9.9,7.4,3,7.4,Low
CAPF0459,ASI,27,23,10,0,10,0,9.6,0,0,0,11,9.6,8.1,4,8.5,Low
CAPF0460,Inspector,42,11,10,0,18,6,12.7,1,8,4,4,4.6,6.7,2,6.2,Medium
CAPF0461,Constable,23,7,2,0,11,0,9.1,0,5,1,4,8.1,6.5,6,8.0,Low
CAPF0462,Inspector,24,1,23,1,9,8,14.6,3,18,9,0,1.4,4.1,1,3.3,High
CAPF0463,Inspector,41,5,3,0,24,1,9.2,0,2,2,23,8.3,7.8,3,7.1,Low
CAPF0464,Constable,44,18,17,1,18,5,11.6,1,6,5,12,4.0,5.8,1,6.9,Medium
CAPF0465,Head Constable,37,3,34,1,9,7,13.7,5,17,5,25,1.4,5.1,1,3.6,High
CAPF0466,SP,40,21,14,1,17,5,10.3,2,13,2,6,5.1,6.9,1,4.4,Medium
CAPF0467,Head Constable,41,25,7,0,15,2,8.7,1,1,0,3,8.9,7.3,3,9.7,Low
CAPF0468,Inspector,42,18,30,1,2,0,13.9,3,16,5,10,3.6,4.1,1,1.9,High
CAPF0469,Constable,22,5,9,0,15,2,9.0,0,0,1,5,6.1,6.7,3,7.7,Low
CAPF0470,SP,45,13,34,1,0,0,14.4,4,13,6,21,3.7,4.6,0,1.4,High
CAPF0471,ASI,32,17,13,0,9,5,11.6,1,13,5,15,6.0,5.9,2,3.2,Medium
CAPF0472,DSP,43,18,16,1,8,5,10.3,2,9,2,5,4.6,6.5,2,4.3,Medium
CAPF0473,Head Constable,30,3,12,0,10,3,11.4,1,12,2,10,4.5,5.2,2,5.0,Medium
CAPF0474,SI,53,18,12,0,9,5,10.2,2,11,2,22,7.0,6.5,3,5.7,Medium
CAPF0475,SI,27,22,8,1,26,2,8.8,0,4,0,13,7.8,6.9,3,7.1,Low
CAPF0476,SI,27,19,21,0,18,2,10.6,2,11,2,23,4.3,5.4,3,4.6,Medium
CAPF0477,Head Constable,49,8,8,0,21,0,9.4,0,1,2,27,6.6,6.5,4,7.0,Low
CAPF0478,Inspector,29,4,2,0,17,1,9.0,1,3,0,26,7.3,8.8,5,7.6,Low
CAPF0479,Constable,49,14,20,1,6,4,13.8,5,18,6,20,2.1,4.2,1,2.2,High
CAPF0480,SI,24,23,10,0,28,2,9.6,1,5,0,6,7.5,7.9,5,9.9,Low
CAPF0481,SP,46,19,23,1,8,7,10.7,2,13,5,6,4.5,5.8,1,6.2,Medium
CAPF0482,ASI,43,3,8,0,19,2,8.2,1,2,2,4,9.3,8.8,5,6.9,Low
CAPF0483,ASI,54,10,35,1,1,0,14.5,3,14,7,1,3.8,4.5,0,3.0,High
CAPF0484,Inspector,29,25,25,1,7,7,14.1,3,15,9,9,1.2,4.8,0,2.2,High
CAPF0485,SP,43,11,12,1,12,3,12.9,2,10,5,15,5.1,6.4,3,3.3,Medium
CAPF0486,ASI,37,29,12,0,5,2,12.3,1,10,2,8,5.6,5.8,2,6.2,Medium
CAPF0487,Constable,24,11,5,0,17,1,8.6,0,5,2,11,6.3,7.8,3,7.7,Low
CAPF0488,Constable,33,24,20,1,5,3,15.9,4,15,9,2,1.4,4.4,0,2.2,High
CAPF0489,SP,47,8,15,1,11,5,12.5,1,11,3,8,4.8,5.8,1,7.0,Medium
CAPF0490,Inspector,52,8,22,0,16,4,12.0,1,12,5,14,5.9,5.5,1,4.0,Medium
CAPF0491,Head Constable,26,13,5,1,25,1,8.7,0,5,2,27,9.0,7.8,5,9.3,Low
CAPF0492,ASI,48,1,12,1,12,2,12.7,2,7,3,13,6.5,6.5,1,4.7,Medium
CAPF0493,SI,40,24,11,0,25,0,8.7,1,1,0,23,9.2,8.2,5,8.3,Low
CAPF0494,DSP,53,6,5,1,16,1,8.6,0,3,2,25,7.2,7.5,3,9.5,Low
CAPF0495,SI,52,11,22,1,3,0,14.0,4,12,9,9,3.4,5.4,1,2.5,High
CAPF0496,SI,35,7,24,1,7,5,15.3,5,16,5,4,2.6,5.4,0,1.8,High
CAPF0497,ASI,28,22,15,0,11,7,11.5,2,10,5,24,4.3,6.7,3,3.1,Medium
CAPF0498,ASI,44,10,15,1,18,4,12.1,1,5,4,10,6.6,5.5,2,4.4,Medium
CAPF0499,ASI,40,15,18,1,7,3,12.1,1,9,2,5,6.2,5.2,2,5.9,Medium
CAPF0500,Head Constable,45,23,4,0,26,0,8.8,0,0,0,24,8.8,8.0,4,7.0,Low
CAPF0501,Head Constable,45,16,1,0,22,2,9.9,0,1,2,0,9.2,6.6,5,9.1,Low
CAPF0502,SP,37,7,30,1,1,0,14.5,3,16,6,12,1.5,4.3,0,1.7,High
CAPF0503,Inspector,40,6,31,0,9,9,15.2,3,19,9,10,3.7,5.3,0,3.8,High
CAPF0504,SP,22,19,21,1,0,0,14.8,5,12,5,5,2.6,5.5,1,3.9,High
CAPF0505,SI,50,4,11,0,26,2,8.7,1,3,0,4,6.1,6.5,4,7.1,Low
CAPF0506,Constable,47,23,25,1,4,3,14.8,3,17,9,6,3.1,4.3,1,2.7,High
CAPF0507,DSP,31,18,8,0,11,2,9.8,1,5,0,21,8.0,7.4,6,8.6,Low
CAPF0508,ASI,35,12,22,0,18,4,10.1,2,13,5,27,5.2,5.4,3,6.4,Medium
CAPF0509,ASI,44,27,20,1,5,5,14.3,5,18,8,25,2.6,4.3,0,1.4,High
CAPF0510,Inspector,22,28,15,1,10,6,12.0,2,13,5,13,5.5,6.2,3,5.9,Medium
CAPF0511,SI,31,28,6,0,18,2,9.4,0,2,2,1,9.8,8.2,4,6.3,Low
CAPF0512,ASI,28,15,30,1,8,4,14.5,4,18,7,17,3.2,4.6,1,1.6,High
CAPF0513,Constable,42,20,17,1,5,4,11.3,2,11,3,28,4.9,5.1,1,5.3,Medium
CAPF0514,SI,45,22,34,1,6,3,15.8,3,12,5,25,1.7,5.0,1,1.2,High
CAPF0515,DSP,31,27,1,1,20,2,8.5,1,2,0,9,7.6,8.2,4,7.2,Low
CAPF0516,SP,48,9,10,0,16,2,9.6,1,1,2,21,9.2,7.4,3,7.2,Low
CAPF0517,Constable,30,6,10,1,16,3,12.8,1,8,5,18,4.7,6.8,1,5.8,Medium
CAPF0518,SP,29,29,16,1,14,7,11.4,2,7,2,28,5.3,6.8,2,5.4,Medium
CAPF0519,DSP,45,2,34,1,1,0,14.4,3,12,6,15,3.0,4.5,1,3.1,High
CAPF0520,ASI,43,9,9,1,12,0,9.1,0,4,1,22,7.7,9.0,3,9.0,Low
CAPF0521,SP,50,26,9,0,15,0,8.4,0,1,2,13,7.1,7.7,3,6.6,Low
CAPF0522,Inspector,39,1,17,0,17,3,11.0,2,8,3,6,4.9,5.1,3,5.9,Medium
CAPF0523,SP,41,1,13,1,17,3,10.8,2,11,2,12,6.6,6.9,2,5.2,Medium
CAPF0524,SP,52,17,1,1,19,2,8.5,0,4,2,14,6.2,6.9,4,6.4,Low
CAPF0525,Inspector,46,3,32,1,3,0,13.9,4,17,5,8,2.4,5.0,1,1.4,High
CAPF0526,SI,29,16,29,1,0,0,15.8,3,17,6,17,2.6,5.2,1,1.4,High
CAPF0527,Inspector,31,2,8,0,27,0,9.9,1,2,2,25,6.6,6.8,5,9.9,Low
CAPF0528,DSP,27,29,12,0,17,4,12.5,1,10,3,10,6.8,6.7,3,6.6,Medium
CAPF0529,Constable,23,2,17,0,11,6,11.9,1,12,3,15,4.2,6.7,3,5.1,Medium
CAPF0530,Inspector,22,9,3,1,17,1,8.9,1,5,1,9,7.9,8.6,3,6.7,Low
CAPF0531,ASI,41,15,10,1,12,0,8.0,1,3,0,13,8.0,8.6,5,7.8,Low
CAPF0532,DSP,43,17,19,1,19,4,10.3,1,6,3,3,4.6,6.0,1,3.2,Medium
CAPF0533,ASI,51,12,28,1,7,6,14.4,5,16,7,15,1.9,5.4,0,1.5,High
CAPF0534,Inspector,49,26,4,0,15,1,9.1,0,4,0,18,7.1,7.5,6,8.9,Low
CAPF0535,Constable,54,17,10,0,29,2,9.1,1,5,1,23,9.5,7.3,3,8.7,Low
CAPF0536,Inspector,54,27,11,1,23,2,9.9,0,0,2,11,7.9,7.6,5,9.6,Low
CAPF0537,SP,32,29,21,1,10,7,10.4,2,5,2,29,4.3,6.3,3,3.3,Medium
CAPF0538,DSP,46,8,27,1,4,3,13.1,3,15,5,15,2.0,5.4,1,2.4,High
CAPF0539,Inspector,22,27,4,0,12,1,9.6,0,2,1,24,8.3,6.9,6,8.7,Low
CAPF0540,Constable,47,2,5,0,14,2,9.5,0,4,2,22,6.4,7.8,3,8.7,Low
CAPF0541,Inspector,25,1,18,0,17,6,12.7,1,8,2,23,4.9,6.1,1,6.4,Medium
CAPF0542,Constable,42,25,10,0,29,0,8.5,1,4,2,10,10.0,8.6,4,6.6,Low
CAPF0543,DSP,40,23,11,0,9,6,12.8,1,8,5,8,4.4,5.0,1,4.8,Medium
CAPF0544,Head Constable,23,27,10,1,12,4,11.4,2,13,5,9,6.0,5.0,3,6.1,Medium
CAPF0545,Constable,44,20,8,0,26,1,8.9,0,4,1,14,8.3,8.5,6,8.5,Low
CAPF0546,Head Constable,52,12,21,1,16,2,10.1,1,10,4,9,4.3,5.1,3,6.7,Medium
CAPF0547,DSP,52,7,22,0,10,5,10.1,1,5,3,25,7.0,5.0,1,7.0,Medium
CAPF0548,Head Constable,30,7,22,1,16,5,11.2,1,11,4,9,4.5,5.8,3,6.2,Medium
CAPF0549,SP,39,7,22,1,13,7,10.4,2,12,4,17,6.3,5.8,2,3.3,Medium
CAPF0550,DSP,52,20,23,1,7,2,10.5,1,13,2,1,6.2,6.3,3,6.1,Medium
CAPF0551,ASI,36,14,34,1,4,4,15.3,4,16,9,18,3.0,4.9,1,1.7,High
CAPF0552,SP,27,14,15,1,15,6,10.9,2,6,3,27,6.1,5.8,1,5.8,Medium
CAPF0553,Inspector,38,4,11,0,27,1,9.8,0,2,1,11,9.8,6.7,4,8.6,Low
CAPF0554,ASI,24,23,4,1,27,1,8.5,0,1,0,3,8.4,6.9,4,8.2,Low
CAPF0555,ASI,28,19,8,1,14,2,8.5,0,1,2,19,9.7,7.8,4,7.2,Low
CAPF0556,Head Constable,36,14,28,0,6,5,15.6,5,17,5,12,1.3,4.9,0,1.3,High
CAPF0557,Inspector,31,9,10,1,10,0,9.8,0,0,1,26,7.4,6.8,4,8.2,Low
CAPF0558,SI,48,5,9,1,13,1,9.2,1,1,0,5,9.1,7.6,6,6.1,Low
CAPF0559,SP,42,13,10,0,26,2,8.3,1,0,0,8,9.6,8.6,4,7.3,Low
CAPF0560,DSP,53,2,1,0,14,1,9.3,1,5,0,6,7.8,7.0,4,7.8,Low
CAPF0561,Head Constable,51,25,2,0,10,0,9.3,0,4,0,16,8.3,9.0,3,6.2,Low
CAPF0562,Constable,50,18,34,1,0,0,14.7,5,19,5,1,1.5,4.1,0,3.9,High
CAPF0563,Constable,36,1,31,1,3,0,13.9,3,12,8,15,3.5,4.1,1,1.9,High
CAPF0564,SI,48,22,6,1,24,1,9.3,0,5,1,9,9.5,7.6,6,6.9,Low
CAPF0565,SP,46,11,20,1,11,5,10.3,1,13,4,15,4.2,6.9,1,7.0,Medium
CAPF0566,DSP,25,16,15,1,9,7,11.0,1,7,2,15,6.1,6.2,1,6.8,Medium
CAPF0567,Constable,42,29,23,1,4,4,15.0,3,13,6,8,2.4,4.4,1,2.6,High
CAPF0568,Inspector,43,18,20,1,11,2,12.0,1,13,2,28,5.1,5.2,3,4.0,Medium
CAPF0569,Head Constable,37,19,11,0,19,7,11.0,2,5,3,16,4.1,5.8,3,6.2,Medium
CAPF0570,DSP,45,23,30,0,3,0,13.7,5,18,8,24,2.5,4.9,1,2.8,High
CAPF0571,Head Constable,31,8,13,0,5,5,11.3,2,9,4,14,6.6,6.0,2,4.2,Medium
CAPF0572,Head Constable,52,27,21,1,11,3,11.2,1,8,4,11,4.2,5.2,3,6.6,Medium
CAPF0573,ASI,24,23,24,0,0,0,15.6,4,15,9,20,1.2,5.4,1,1.4,High
CAPF0574,SI,22,20,24,1,6,6,15.5,5,13,5,28,2.8,4.7,1,3.6,High
CAPF0575,DSP,54,1,1,0,28,1,9.7,0,2,1,28,7.5,8.8,3,9.3,Low
CAPF0576,SP,49,19,9,0,27,1,9.2,0,3,1,22,9.5,6.9,3,7.8,Low
CAPF0577,Inspector,39,24,10,1,17,7,12.6,2,12,4,20,4.3,6.8,3,4.6,Medium
CAPF0578,Inspector,47,1,1,0,10,2,8.4,1,3,1,0,6.5,8.9,3,8.2,Low
CAPF0579,Inspector,30,10,7,1,12,2,9.9,1,1,1,18,7.0,7.3,4,9.1,Low
CAPF0580,Head Constable,54,21,33,1,8,8,15.4,5,13,5,6,1.8,5.0,0,2.2,High
CAPF0581,Head Constable,25,20,5,0,26,0,8.8,1,1,2,2,9.0,8.0,4,9.8,Low
CAPF0582,Head Constable,53,7,10,1,23,2,9.0,0,0,2,0,6.8,7.1,3,8.0,Low
CAPF0583,Inspector,48,28,11,0,19,1,9.8,1,5,1,28,8.2,6.7,6,6.6,Low
CAPF0584,ASI,54,1,13,0,12,3,12.2,1,10,2,11,5.6,6.4,3,5.7,Medium
CAPF0585,SP,40,18,5,1,14,2,9.4,1,1,0,17,7.5,9.0,3,6.9,Low
CAPF0586,Constable,37,20,11,1,10,7,12.5,1,10,2,28,4.9,5.4,3,6.6,Medium
CAPF0587,Constable,39,18,5,0,21,0,9.9,0,4,0,28,8.1,8.3,3,8.6,Low
CAPF0588,SI,31,25,32,1,6,5,14.8,4,14,9,12,3.8,5.0,0,1.3,High
CAPF0589,Head Constable,43,11,7,0,27,0,8.5,0,0,2,12,7.3,6.8,3,8.4,Low
CAPF0590,Constable,51,9,20,0,4,3,13.6,3,18,9,5,1.1,4.2,1,2.9,High
CAPF0591,Inspector,52,1,2,0,13,1,9.7,1,4,0,28,9.5,6.9,5,8.1,Low
CAPF0592,Constable,22,29,7,0,20,2,9.9,0,3,2,9,6.4,7.9,5,9.1,Low
CAPF0593,SP,26,5,12,1,8,6,12.6,1,5,2,13,6.1,5.9,1,4.4,Medium
CAPF0594,DSP,31,16,17,0,18,5,10.1,2,10,5,4,6.5,6.0,3,3.1,Medium
CAPF0595,DSP,32,17,10,0,11,1,8.3,1,2,1,22,6.0,7.5,3,9.0,Low
CAPF0596,SI,29,14,17,1,15,4,10.5,2,13,3,23,5.9,5.7,3,6.7,Medium
CAPF0597,Inspector,49,6,17,0,13,5,12.2,1,6,2,0,4.9,5.9,1,5.6,Medium
CAPF0598,DSP,53,22,15,1,13,2,12.9,2,6,5,22,5.2,5.0,1,5.9,Medium
CAPF0599,Inspector,28,14,34,1,2,0,14.0,3,17,5,2,2.0,4.4,0,1.1,High
CAPF0600,Head Constable,40,29,11,0,9,2,11.9,1,12,4,27,6.6,6.0,3,5.0,Medium
CAPF0601,Head Constable,34,15,22,1,4,3,15.8,4,15,5,11,1.8,4.4,1,3.4,High
CAPF0602,SP,23,1,2,0,14,2,8.5,1,0,2,6,7.9,6.6,6,7.8,Low
CAPF0603,ASI,53,20,34,1,8,6,14.1,3,18,6,17,3.6,4.8,0,3.8,High
CAPF0604,DSP,34,3,25,1,2,0,14.6,4,14,9,10,2.1,5.4,1,3.6,High
CAPF0605,SP,40,11,22,1,19,5,11.8,2,6,4,4,4.9,6.8,1,5.8,Medium
CAPF0606,SP,31,18,22,1,10,5,12.0,2,11,3,17,4.0,5.6,2,5.5,Medium
CAPF0607,Constable,25,25,26,1,1,0,14.8,4,18,5,19,2.6,4.5,0,2.6,High
CAPF0608,Head Constable,48,23,20,1,19,6,10.3,2,7,4,2,4.6,6.0,3,4.6,Medium
CAPF0609,DSP,22,19,12,1,11,6,12.5,1,13,5,28,5.7,5.5,3,3.9,Medium
CAPF0610,Constable,44,13,7,0,18,0,8.8,1,2,1,10,6.2,8.3,5,6.0,Low
CAPF0611,DSP,54,20,10,1,15,6,11.3,1,10,5,13,4.8,5.6,1,6.4,Medium
CAPF0612,SP,38,17,22,0,12,3,12.9,2,5,4,23,5.8,5.2,1,4.4,Medium
CAPF0613,DSP,23,28,10,0,15,2,9.9,1,3,2,6,8.8,6.7,5,9.1,Low
CAPF0614,Head Constable,48,19,7,0,28,1,9.2,0,3,0,20,7.1,6.8,5,6.1,Low
CAPF0615,ASI,48,27,10,0,14,0,9.0,0,0,0,7,7.1,8.4,4,9.2,Low
CAPF0616,Head Constable,37,19,3,0,11,1,8.6,0,0,1,3,8.4,7.1,6,8.2,Low
CAPF0617,Head Constable,45,27,4,0,25,0,9.5,1,2,0,1,8.3,9.0,6,7.5,Low
CAPF0618,SI,53,20,20,1,9,9,14.9,5,17,6,9,2.4,5.2,1,3.7,High
CAPF0619,SI,24,18,12,1,13,6,11.2,2,12,4,23,5.1,6.6,2,6.2,Medium
CAPF0620,Head Constable,22,8,30,1,4,3,15.9,5,19,6,11,1.3,4.1,0,3.2,High
CAPF0621,Constable,49,7,3,1,14,0,8.4,1,3,2,22,7.4,8.5,3,6.7,Low
CAPF0622,SI,54,26,11,0,11,2,9.9,1,1,2,1,7.8,7.1,6,8.3,Low
CAPF0623,SP,52,6,18,1,8,4,10.7,1,13,4,9,6.2,5.7,1,6.6,Medium
CAPF0624,DSP,33,14,6,0,10,2,8.7,1,4,1,24,9.6,6.8,6,6.3,Low
CAPF0625,SI,43,4,7,0,20,1,9.9,0,3,1,18,8.0,8.1,4,7.2,Low
CAPF0626,Constable,47,25,21,1,19,7,12.5,1,6,4,28,7.0,6.3,3,3.1,Medium
CAPF0627,Head Constable,48,10,9,0,18,0,9.1,1,5,0,15,6.3,8.5,4,7.6,Low
CAPF0628,Head Constable,25,8,3,0,28,1,8.1,0,4,1,26,9.7,6.8,5,7.3,Low
CAPF0629,ASI,38,15,23,1,0,0,14.5,3,17,7,29,3.9,5.0,0,1.4,High
CAPF0630,SP,54,19,3,1,15,0,8.2,1,0,1,10,7.2,7.0,5,8.6,Low
CAPF0631,Constable,27,17,7,0,19,2,8.6,1,4,0,17,6.6,7.4,6,7.0,Low
CAPF0632,DSP,34,10,10,0,12,0,8.8,1,4,0,4,6.3,8.2,6,6.8,Low
CAPF0633,Constable,40,26,35,1,0,0,15.8,4,18,6,14,3.3,5.2,0,1.0,High
CAPF0634,Head Constable,27,20,10,0,24,1,9.6,0,4,2,14,8.2,7.4,4,7.4,Low
CAPF0635,SP,45,2,9,0,26,1,8.6,1,4,2,12,8.5,8.8,4,6.6,Low
CAPF0636,SP,54,26,14,1,6,3,11.1,2,7,4,15,6.8,5.8,3,6.9,Medium
CAPF0637,SP,41,5,9,0,19,2,8.7,1,5,2,15,6.1,7.7,6,9.3,Low
CAPF0638,SI,54,2,25,1,0,0,15.4,3,16,6,12,3.2,5.3,1,2.5,High
CAPF0639,SP,49,24,3,0,19,1,8.7,1,2,0,4,8.7,7.6,4,9.6,Low
CAPF0640,SI,22,12,21,1,10,6,12.5,2,10,3,21,6.4,5.4,1,4.0,Medium
CAPF0641,ASI,48,26,3,0,12,2,9.0,0,1,1,11,9.8,6.6,4,9.7,Low
CAPF0642,SI,27,5,7,0,21,0,8.4,1,0,1,13,9.3,8.3,3,6.5,Low
CAPF0643,Head Constable,47,21,2,0,22,2,8.8,1,2,0,0,8.3,7.7,3,6.7,Low
CAPF0644,SP,40,11,25,1,0,0,13.1,4,15,9,8,3.5,5.2,0,2.5,High
CAPF0645,DSP,49,17,20,1,16,7,10.5,1,13,5,13,5.9,5.5,2,5.8,Medium
CAPF0646,ASI,29,19,10,1,15,4,11.4,1,13,4,17,5.2,6.1,2,3.7,Medium
CAPF0647,ASI,27,24,7,0,23,2,9.7,0,3,1,18,7.2,8.9,6,7.9,Low
CAPF0648,ASI,47,14,18,1,11,6,10.2,1,12,4,6,5.1,5.6,3,4.3,Medium
CAPF0649,DSP,29,11,26,0,9,6,14.3,5,15,7,15,4.0,4.7,0,3.3,High
CAPF0650,Inspector,32,21,13,0,5,6,10.8,1,10,4,7,6.1,6.6,3,3.0,Medium
CAPF0651,SI,54,14,3,1,19,0,8.7,1,3,2,13,6.8,6.7,5,8.6,Low
CAPF0652,DSP,45,1,20,1,8,4,15.4,5,19,5,15,3.8,5.0,0,3.7,High
CAPF0653,SP,54,12,8,1,28,1,8.5,0,2,0,17,7.2,7.1,5,8.4,Low
CAPF0654,SI,36,4,8,0,22,0,9.4,1,5,0,12,9.8,8.5,5,6.0,Low
CAPF0655,Inspector,45,21,7,0,10,1,9.5,1,1,0,0,9.8,6.8,6,9.5,Low
CAPF0656,Constable,32,24,3,0,26,0,8.8,0,5,1,6,8.9,8.2,5,6.0,Low
CAPF0657,Inspector,27,7,21,1,11,6,10.8,1,6,4,25,4.5,5.9,1,5.0,Medium
CAPF0658,Constable,49,29,20,1,9,2,12.3,2,12,2,13,5.2,6.8,1,4.6,Medium
CAPF0659,SI,36,29,21,1,6,6,15.6,3,16,7,12,2.5,4.9,1,3.4,High
CAPF0660,Constable,28,21,5,1,18,0,8.3,0,1,2,9,9.3,7.2,5,6.7,Low
CAPF0661,Inspector,39,12,20,1,9,7,10.6,1,13,3,4,4.8,5.3,3,6.4,Medium
CAPF0662,SI,24,19,10,0,18,0,8.3,0,3,2,27,6.6,7.7,5,9.1,Low
CAPF0663,SI,52,26,8,1,24,1,9.8,0,2,2,22,7.5,7.8,3,7.6,Low
CAPF0664,SI,40,14,28,1,0,0,14.2,4,12,5,7,2.3,4.2,0,3.7,High
CAPF0665,Head Constable,53,29,30,1,3,0,14.5,4,16,5,24,2.5,5.3,1,3.5,High
CAPF0666,SP,31,27,27,1,2,0,15.1,5,17,9,14,3.9,4.1,1,3.4,High
CAPF0667,Head Constable,33,21,30,1,6,3,14.1,4,15,9,10,2.3,4.8,0,2.3,High
CAPF0668,Head Constable,40,6,31,0,1,0,14.5,5,12,9,18,1.6,4.7,1,1.5,High
CAPF0669,SI,23,3,3,0,19,2,9.1,1,5,0,6,6.1,6.9,5,6.3,Low
CAPF0670,SP,49,19,10,0,24,0,9.2,1,2,0,3,9.2,8.8,3,6.7,Low
CAPF0671,SP,29,20,14,1,14,4,11.8,1,12,2,11,4.9,5.5,3,3.0,Medium
CAPF0672,SI,40,8,18,0,10,7,12.5,1,13,2,6,6.7,5.5,1,6.5,Medium
CAPF0673,Inspector,45,24,21,1,16,5,12.7,1,5,5,25,6.2,6.5,3,6.8,Medium
CAPF0674,Inspector,49,3,11,0,22,0,9.5,0,3,0,22,7.8,9.0,6,6.5,Low
CAPF0675,SP,35,28,2,0,14,1,9.5,0,0,2,26,6.4,7.7,3,8.4,Low
CAPF0676,ASI,43,21,4,1,29,1,8.8,0,5,2,0,9.2,6.5,3,7.0,Low
CAPF0677,Inspector,35,12,9,0,14,0,8.3,1,2,1,9,9.8,6.6,6,6.5,Low
CAPF0678,SI,53,6,29,1,4,4,13.5,3,18,9,25,1.3,4.2,0,3.0,High
CAPF0679,SI,29,24,13,0,16,3,11.2,2,6,2,19,6.3,5.3,1,4.0,Medium
CAPF0680,Inspector,28,16,18,0,16,5,10.1,1,11,5,2,5.0,5.2,2,5.6,Medium
CAPF0681,DSP,33,24,6,0,10,0,8.3,1,5,1,26,7.5,7.3,5,8.1,Low
CAPF0682,Head Constable,40,10,7,0,11,1,8.6,0,5,0,17,7.2,6.6,6,8.2,Low
CAPF0683,Inspector,49,14,29,1,4,3,15.8,5,18,5,8,2.3,5.0,1,4.0,High
CAPF0684,ASI,26,7,19,1,19,6,12.5,2,9,4,10,6.1,5.4,1,5.5,Medium
CAPF0685,ASI,27,12,20,1,16,3,12.4,2,5,2,24,6.7,5.9,1,5.2,Medium
CAPF0686,SI,34,27,2,1,21,0,8.3,1,3,2,3,7.3,8.0,5,8.3,Low
CAPF0687,ASI,52,17,35,1,7,4,14.9,4,19,8,24,2.3,4.8,1,1.6,High
CAPF0688,SI,27,25,20,0,9,9,15.2,4,12,7,22,2.5,4.9,1,3.2,High
CAPF0689,ASI,36,4,4,0,10,1,9.5,1,5,1,27,6.3,8.1,6,8.7,Low
CAPF0690,DSP,44,24,6,0,25,1,9.6,0,2,1,1,7.0,8.6,3,8.3,Low
CAPF0691,Inspector,46,25,22,1,15,2,11.0,1,9,5,28,6.4,6.2,3,3.8,Medium
CAPF0692,Constable,43,13,26,1,3,0,13.6,3,18,5,6,1.8,5.0,0,1.2,High
CAPF0693,Inspector,38,3,11,1,21,1,9.5,0,1,2,0,8.8,8.0,6,7.5,Low
CAPF0694,Inspector,36,2,13,0,6,5,11.4,1,9,2,5,5.7,6.6,1,3.2,Medium
CAPF0695,Constable,27,27,9,0,22,1,9.2,0,0,1,5,6.3,8.8,3,6.2,Low
CAPF0696,DSP,28,16,22,1,1,0,15.0,4,14,8,28,1.3,4.7,1,3.6,High
CAPF0697,SI,53,8,10,0,21,1,8.5,0,4,1,20,8.3,8.3,6,8.8,Low
CAPF0698,Head Constable,35,8,35,0,6,5,14.4,4,13,9,22,4.0,4.9,1,3.8,High
CAPF0699,Inspector,23,22,2,1,25,2,9.9,1,5,2,12,9.4,8.0,5,9.1,Low
CAPF0700,ASI,54,25,28,1,6,5,15.6,5,16,9,12,2.1,4.2,0,3.2,High
CAPF0701,Inspector,31,24,2,0,27,0,9.5,1,4,0,7,9.9,8.1,4,6.9,Low
CAPF0702,Constable,23,24,13,0,14,7,10.9,2,11,3,16,6.4,5.8,2,4.3,Medium
CAPF0703,DSP,29,23,24,1,7,6,14.5,5,13,9,11,2.4,5.2,0,2.0,High
CAPF0704,Inspector,25,5,1,1,29,0,9.8,0,5,0,27,8.4,8.3,6,8.8,Low
CAPF0705,SI,31,18,19,1,14,3,12.3,1,11,3,20,5.9,6.6,3,4.6,Medium
CAPF0706,ASI,32,29,17,1,5,5,11.1,1,6,3,9,5.5,6.6,2,3.5,Medium
CAPF0707,Constable,29,1,1,0,19,0,8.5,0,5,1,12,7.5,8.8,4,9.8,Low
CAPF0708,SP,24,1,5,1,17,0,8.1,1,0,0,8,6.9,8.0,3,9.2,Low
CAPF0709,DSP,31,28,19,1,19,5,12.0,2,12,4,24,6.9,5.5,1,6.3,Medium
CAPF0710,ASI,24,22,27,1,2,0,15.2,3,14,5,18,2.3,4.6,0,2.8,High
CAPF0711,DSP,25,1,5,1,15,1,9.1,0,2,2,12,7.3,6.6,6,7.8,Low
CAPF0712,DSP,45,11,11,0,25,2,9.9,1,5,2,7,6.4,8.3,4,9.0,Low
CAPF0713,ASI,35,25,11,0,23,0,9.4,0,4,1,26,6.6,8.2,4,6.9,Low
CAPF0714,SI,36,27,7,0,15,2,8.5,0,5,2,2,6.7,8.4,4,9.1,Low
CAPF0715,Constable,25,4,3,0,23,0,8.6,1,1,1,15,8.1,7.0,6,8.7,Low
CAPF0716,SP,34,14,13,1,17,7,10.2,2,10,2,17,6.8,6.4,1,6.4,Medium
CAPF0717,SP,53,26,15,1,15,4,12.7,2,10,4,1,4.8,6.9,1,5.0,Medium
CAPF0718,Constable,48,20,16,0,15,2,11.1,2,10,5,17,6.7,6.4,1,5.4,Medium
CAPF0719,Head Constable,48,29,14,0,19,2,11.3,1,5,5,24,4.5,6.5,3,6.6,Medium
CAPF0720,Inspector,53,1,5,0,20,2,9.2,1,2,0,24,9.0,8.7,3,6.2,Low
CAPF0721,ASI,48,7,20,1,10,3,11.0,1,5,3,18,5.5,5.2,2,5.3,Medium
CAPF0722,Inspector,34,12,17,0,11,3,10.2,1,6,4,7,6.4,6.6,1,5.3,Medium
CAPF0723,SI,28,8,20,1,11,3,12.0,1,8,4,15,7.0,5.0,3,5.9,Medium
CAPF0724,Head Constable,40,10,2,1,26,2,9.1,1,4,2,2,8.5,7.1,5,7.1,Low
CAPF0725,SI,28,29,1,0,29,0,8.6,0,5,1,15,6.8,7.2,6,8.0,Low
CAPF0726,ASI,42,28,2,0,22,1,8.5,0,4,2,26,8.5,8.8,5,7.5,Low
CAPF0727,Head Constable,27,2,13,1,10,6,12.5,2,11,4,13,7.0,6.4,3,4.1,Medium
CAPF0728,DSP,31,25,4,0,25,2,8.0,1,1,1,20,9.2,7.3,6,9.6,Low
CAPF0729,Constable,44,16,2,0,14,0,9.4,0,0,1,21,8.9,8.5,3,8.9,Low
CAPF0730,DSP,49,10,10,1,19,4,10.6,2,9,5,8,4.8,5.8,1,3.4,Medium
CAPF0731,ASI,49,27,25,0,4,3,14.9,4,18,8,29,2.9,4.1,1,1.9,High
CAPF0732,SP,36,7,15,1,5,6,11.3,2,9,5,13,6.9,6.0,2,6.9,Medium
CAPF0733,DSP,34,12,12,1,6,2,10.5,2,6,4,14,4.6,6.6,1,4.9,Medium
CAPF0734,ASI,50,3,25,1,9,8,13.2,3,15,8,10,2.1,4.1,0,3.2,High
CAPF0735,ASI,39,28,20,1,16,5,11.9,2,11,5,4,4.6,6.2,3,4.2,Medium
CAPF0736,DSP,51,10,10,1,10,1,8.9,1,0,2,4,8.5,7.3,4,8.6,Low
CAPF0737,Head Constable,36,18,34,1,9,6,15.5,3,15,9,0,2.0,5.0,0,2.9,High
CAPF0738,Head Constable,42,13,1,0,25,1,8.1,0,5,1,17,7.0,8.3,3,6.6,Low
CAPF0739,SI,44,14,17,1,5,7,11.5,1,12,5,29,4.4,6.3,2,6.0,Medium
CAPF0740,DSP,25,19,19,0,13,6,10.7,1,13,5,19,4.7,6.5,1,5.0,Medium
CAPF0741,Head Constable,45,7,8,0,15,1,9.4,0,3,2,27,9.4,6.8,3,8.8,Low
CAPF0742,SP,40,5,12,1,8,6,11.2,2,7,5,1,5.3,5.7,2,3.9,Medium
CAPF0743,ASI,44,6,7,1,26,1,8.6,1,5,0,1,6.1,8.0,6,7.9,Low
CAPF0744,ASI,24,2,10,0,12,3,13.0,1,9,4,5,5.4,6.0,2,5.8,Medium
CAPF0745,Head Constable,40,6,13,0,10,6,10.8,1,10,2,12,5.2,6.5,1,5.3,Medium
CAPF0746,ASI,25,25,19,1,11,6,11.3,1,6,4,13,5.5,6.0,3,4.3,Medium
CAPF0747,Inspector,42,26,22,1,1,0,14.4,4,17,7,2,3.9,4.0,1,2.3,High
CAPF0748,SI,31,24,23,1,5,4,13.3,3,18,5,28,3.1,4.3,1,3.4,High
CAPF0749,DSP,35,13,9,0,13,0,9.3,0,1,0,28,6.9,7.7,4,7.1,Low
CAPF0750,Inspector,27,19,17,1,15,4,10.4,1,12,5,17,4.4,5.4,2,4.8,Medium
CAPF0751,ASI,34,9,14,0,14,7,11.9,2,12,3,6,6.1,5.1,3,4.1,Medium
CAPF0752,Head Constable,30,27,23,1,8,3,14.0,3,14,8,22,1.7,5.5,0,4.0,High
CAPF0753,SP,40,7,18,0,6,2,12.2,1,12,4,17,7.0,5.1,1,3.7,Medium
CAPF0754,SP,48,8,21,1,6,5,11.2,1,5,2,0,5.3,5.8,2,3.2,Medium
CAPF0755,Constable,22,14,4,0,14,2,9.0,0,4,0,8,9.5,7.8,4,9.7,Low
CAPF0756,SI,29,27,2,0,13,1,9.4,1,1,2,9,8.4,8.3,4,6.1,Low
CAPF0757,SP,39,26,31,1,2,0,13.1,3,13,8,11,3.3,5.0,0,3.0,High
CAPF0758,Constable,43,16,2,1,25,2,8.8,0,0,0,18,6.2,9.0,3,6.6,Low
CAPF0759,DSP,30,22,23,1,1,0,15.5,5,15,5,25,2.1,5.2,0,2.8,High
CAPF0760,SP,35,5,6,0,15,1,9.7,1,4,2,7,7.5,6.9,3,8.2,Low
CAPF0761,Inspector,23,17,8,0,20,0,9.5,1,0,2,7,8.4,7.9,4,6.4,Low
CAPF0762,SP,49,18,15,0,12,3,12.8,1,8,4,15,4.6,5.4,3,3.8,Medium
CAPF0763,Inspector,53,6,29,1,4,4,14.7,3,12,9,2,2.1,5.1,0,1.4,High
CAPF0764,DSP,43,12,23,0,1,0,13.5,4,19,5,16,2.8,4.2,1,2.4,High
CAPF0765,SP,52,4,2,0,11,2,8.6,0,0,0,11,6.9,8.0,4,8.3,Low
CAPF0766,SP,41,15,11,0,12,5,10.0,1,13,2,23,6.0,5.2,1,3.8,Medium
CAPF0767,DSP,31,29,2,0,29,2,9.0,1,5,1,22,7.0,7.8,4,6.7,Low
CAPF0768,SI,26,18,12,1,6,3,11.8,1,10,3,10,5.1,6.1,2,6.0,Medium
CAPF0769,ASI,45,20,11,1,11,4,12.8,2,11,5,6,6.5,5.9,2,6.8,Medium
CAPF0770,SP,50,6,1,0,26,1,9.7,0,5,2,27,6.3,6.6,4,8.3,Low
CAPF0771,DSP,40,12,27,1,8,8,15.1,3,16,8,3,2.8,4.3,1,2.4,High
CAPF0772,ASI,51,10,25,1,4,3,15.2,4,14,6,25,2.3,4.8,0,2.7,High
CAPF0773,SP,23,13,17,0,17,2,11.8,1,13,2,0,4.6,6.8,3,4.1,Medium
CAPF0774,ASI,29,29,30,1,7,5,13.9,5,16,9,2,1.7,5.5,0,2.7,High
CAPF0775,ASI,40,17,4,1,22,1,9.8,1,2,0,4,8.1,7.7,6,7.9,Low
CAPF0776,SI,27,14,7,0,24,2,9.2,0,4,0,3,9.0,7.1,6,8.0,Low
CAPF0777,SP,35,17,26,1,5,4,13.6,4,14,5,17,2.7,5.4,1,3.0,High
CAPF0778,DSP,38,18,1,0,26,0,9.3,0,3,0,19,7.5,8.9,6,8.4,Low
CAPF0779,Inspector,40,23,16,1,18,2,11.0,1,10,4,14,6.0,5.5,1,5.5,Medium
CAPF0780,DSP,34,24,11,0,10,4,10.5,1,10,4,1,7.0,5.2,3,5.7,Medium
CAPF0781,DSP,52,24,28,1,7,6,15.0,4,19,5,6,1.1,4.7,0,1.0,High
CAPF0782,DSP,36,21,8,0,13,0,9.8,1,4,1,5,8.1,8.7,4,9.4,Low
CAPF0783,SI,43,27,14,0,16,4,10.8,2,7,2,23,5.7,5.3,3,5.5,Medium
CAPF0784,SI,36,18,1,1,24,2,8.9,0,0,1,6,8.1,6.6,3,7.0,Low
CAPF0785,DSP,34,18,17,1,8,2,11.3,1,5,4,20,5.5,6.8,3,6.4,Medium
CAPF0786,SI,26,20,2,0,28,2,9.8,0,2,0,8,6.8,9.0,5,6.9,Low
CAPF0787,SP,41,1,17,1,11,6,11.4,2,5,3,28,5.7,6.4,3,6.6,Medium
CAPF0788,SP,41,20,10,1,22,0,9.5,1,4,1,20,8.8,8.1,4,9.2,Low
CAPF0789,ASI,52,12,11,1,21,1,8.9,0,3,2,10,9.3,7.4,6,7.1,Low
CAPF0790,DSP,30,2,9,0,21,1,9.9,1,4,2,22,9.7,9.0,6,7.3,Low
CAPF0791,DSP,47,26,23,0,8,4,12.6,2,8,2,11,6.1,6.4,1,6.7,Medium
CAPF0792,SI,49,16,20,1,9,2,11.3,2,9,2,25,5.8,6.8,2,3.2,Medium
CAPF0793,SP,52,6,20,1,5,5,15.2,5,12,5,10,1.3,5.1,1,2.9,High
CAPF0794,SI,51,6,6,1,20,2,9.0,0,3,0,25,7.0,7.4,4,9.0,Low
CAPF0795,DSP,45,2,9,0,26,0,9.8,1,4,1,7,7.1,7.5,4,9.8,Low
CAPF0796,SP,42,18,1,0,10,0,8.4,0,0,1,29,9.1,8.9,3,9.9,Low
CAPF0797,Inspector,37,24,17,0,18,2,11.0,2,13,3,13,6.6,7.0,3,3.5,Medium
CAPF0798,DSP,47,8,34,1,4,4,14.5,4,18,8,5,2.4,4.2,1,2.0,High
CAPF0799,SP,54,6,8,1,15,0,8.1,1,0,0,8,9.3,7.3,4,7.5,Low
CAPF0800,SI,42,15,3,0,19,1,9.2,0,1,0,2,9.1,7.1,5,9.2,Low
CAPF0801,Inspector,31,19,24,1,3,0,13.9,4,18,9,8,2.9,4.7,0,2.6,High
CAPF0802,Constable,41,13,6,0,20,1,8.6,1,2,0,12,9.3,8.9,5,8.3,Low
CAPF0803,SI,31,21,8,0,15,2,8.4,1,3,1,8,8.2,6.9,6,6.7,Low
CAPF0804,Inspector,43,14,4,1,20,0,9.5,1,3,0,23,6.3,7.2,5,8.6,Low
CAPF0805,SP,36,25,10,0,16,2,8.9,0,1,1,21,9.9,8.1,4,7.1,Low
CAPF0806,SP,35,5,12,1,19,6,12.5,1,6,3,8,5.7,5.5,1,3.7,Medium
CAPF0807,DSP,47,17,3,0,28,1,8.7,0,0,2,21,8.3,6.6,4,9.4,Low
CAPF0808,ASI,34,26,4,1,17,1,9.5,1,4,2,17,8.4,7.1,4,6.4,Low
CAPF0809,SI,44,15,1,0,26,2,8.5,1,5,2,27,9.0,6.9,6,7.9,Low
CAPF0810,Inspector,26,24,28,1,0,0,15.6,3,18,5,8,3.1,4.8,0,3.3,High
CAPF0811,SI,33,27,22,1,7,4,12.1,2,10,4,20,4.4,6.7,3,6.3,Medium
CAPF0812,DSP,33,11,24,1,2,0,14.7,4,13,8,15,2.3,4.5,1,2.0,High
CAPF0813,SI,44,27,18,1,8,4,12.7,2,9,4,26,4.5,6.0,3,4.7,Medium
CAPF0814,SI,30,15,16,1,17,2,10.3,1,6,5,12,4.3,5.0,3,3.9,Medium
CAPF0815,Head Constable,28,8,29,1,5,5,15.5,3,19,8,8,2.3,5.4,1,3.0,High
CAPF0816,SI,30,6,5,0,14,2,8.6,1,5,2,12,7.9,8.5,5,8.3,Low
CAPF0817,SI,52,14,23,0,6,3,11.8,1,8,5,21,6.8,5.4,2,4.3,Medium
CAPF0818,SP,25,14,22,0,6,2,12.7,1,13,2,6,6.8,6.2,1,6.5,Medium
CAPF0819,SI,26,2,7,1,24,0,9.3,1,5,1,19,8.3,7.0,4,8.5,Low
CAPF0820,Constable,39,22,25,1,9,6,15.3,4,18,7,8,2.5,4.9,0,1.8,High
CAPF0821,Constable,36,10,11,0,8,5,13.0,2,11,4,23,5.7,5.6,1,4.5,Medium
CAPF0822,Head Constable,43,23,23,0,14,7,11.4,1,9,3,6,5.3,5.9,1,5.6,Medium
CAPF0823,ASI,34,7,27,1,5,3,13.6,3,14,8,7,2.7,5.3,1,3.9,High
CAPF0824,Constable,33,28,15,0,15,7,11.2,2,6,5,22,4.1,5.5,2,3.5,Medium
CAPF0825,Constable,37,8,13,1,6,4,10.6,1,5,2,17,5.8,7.0,2,5.5,Medium
CAPF0826,ASI,22,10,18,1,6,7,12.8,2,12,3,28,4.6,5.7,1,3.0,Medium
CAPF0827,Head Constable,46,25,30,1,1,0,15.6,5,14,5,18,2.7,4.3,1,1.1,High
CAPF0828,ASI,43,10,13,0,16,2,10.7,1,8,2,9,6.0,5.5,1,3.1,Medium
CAPF0829,Inspector,40,28,10,0,12,6,12.3,1,7,2,6,4.1,5.1,2,4.6,Medium
CAPF0830,Inspector,41,13,18,0,10,6,12.8,2,13,5,11,4.0,6.4,1,6.6,Medium
CAPF0831,SP,30,29,2,1,19,1,9.0,0,2,2,4,8.5,8.3,4,6.9,Low
CAPF0832,Constable,52,12,14,1,10,4,10.6,2,10,4,18,4.3,5.0,1,4.4,Medium
CAPF0833,DSP,29,20,3,0,12,2,9.2,0,1,0,9,7.0,6.8,4,9.8,Low
CAPF0834,Head Constable,42,15,12,0,7,7,12.9,1,10,2,2,4.6,5.1,3,3.4,Medium
CAPF0835,Head Constable,26,22,33,0,9,3,15.4,5,18,9,19,3.6,5.2,1,2.4,High
CAPF0836,SP,53,4,2,1,20,0,9.4,0,1,0,14,6.4,7.4,3,7.8,Low
CAPF0837,DSP,37,18,11,0,17,7,11.4,2,12,2,25,6.9,5.9,3,3.2,Medium
CAPF0838,SP,39,29,10,1,8,6,13.0,1,9,2,2,5.6,5.5,1,3.4,Medium
CAPF0839,SI,45,16,8,1,11,1,9.2,0,3,0,11,7.0,8.5,4,6.7,Low
CAPF0840,Constable,26,9,10,0,13,1,8.4,1,0,2,11,8.2,7.8,3,9.2,Low
CAPF0841,Inspector,35,15,14,0,14,5,10.5,2,12,2,15,5.9,6.8,2,5.1,Medium
CAPF0842,DSP,41,23,21,1,2,0,13.0,3,15,5,2,2.3,4.2,0,2.7,High
CAPF0843,ASI,24,11,7,0,20,0,8.1,1,1,0,17,7.3,8.1,4,9.9,Low
CAPF0844,Head Constable,23,18,11,0,14,1,10.0,1,3,0,12,9.5,7.0,3,9.4,Low
CAPF0845,SI,45,4,11,1,15,4,11.1,1,6,3,25,4.4,5.2,2,4.6,Medium
CAPF0846,DSP,48,26,20,1,18,5,12.2,1,8,3,24,6.6,6.5,1,4.4,Medium
CAPF0847,DSP,27,27,5,0,14,2,8.1,0,3,0,18,9.0,8.7,6,9.0,Low
CAPF0848,Constable,50,22,29,1,3,0,14.5,4,14,6,17,3.0,5.0,0,4.0,High
CAPF0849,SP,24,21,10,0,29,0,9.7,1,4,1,20,8.8,6.6,5,6.2,Low
CAPF0850,Constable,51,12,18,1,16,7,10.3,2,5,4,19,6.2,5.0,2,6.2,Medium
CAPF0851,DSP,50,1,11,0,24,0,9.8,1,4,0,4,7.2,7.4,3,8.0,Low
CAPF0852,SP,36,5,29,1,5,3,14.0,4,18,9,14,3.3,4.6,0,1.3,High
CAPF0853,Constable,41,2,5,0,11,1,8.7,0,2,0,3,9.9,7.2,6,9.9,Low
CAPF0854,SP,40,28,23,0,9,4,10.7,2,7,2,22,5.1,5.9,1,4.8,Medium
CAPF0855,Inspector,37,20,16,0,19,5,12.4,2,7,4,23,6.5,5.6,2,5.9,Medium
CAPF0856,Constable,26,12,34,0,9,3,15.2,5,14,7,24,3.7,4.8,1,2.6,High
CAPF0857,SI,27,9,9,1,20,1,9.1,0,4,0,0,8.6,7.0,5,6.1,Low
CAPF0858,DSP,52,26,25,1,1,0,14.2,4,14,7,23,2.7,5.4,1,1.5,High
CAPF0859,SP,28,9,10,0,28,1,8.2,0,5,1,20,6.6,6.6,6,6.6,Low
CAPF0860,ASI,24,10,2,0,25,2,8.5,0,4,2,7,8.7,8.4,4,8.7,Low
CAPF0861,DSP,52,11,1,0,19,1,8.4,1,1,2,21,9.8,8.1,5,8.8,Low
CAPF0862,Constable,25,5,3,0,18,1,8.4,1,5,1,7,7.0,8.2,6,8.1,Low
CAPF0863,DSP,46,29,4,1,15,2,9.5,1,1,0,27,9.0,8.5,3,9.6,Low
CAPF0864,Inspector,47,23,4,0,12,0,8.1,0,4,2,5,8.7,6.6,6,7.7,Low
CAPF0865,SP,24,19,23,1,17,4,10.9,1,10,2,14,4.9,6.3,2,5.6,Medium
CAPF0866,ASI,42,27,15,0,10,4,11.4,1,7,3,29,6.0,6.7,3,3.9,Medium
CAPF0867,DSP,29,17,1,1,17,0,9.9,1,0,2,18,8.3,7.3,4,7.5,Low
CAPF0868,SP,36,28,23,1,16,4,12.2,1,9,3,2,4.4,6.8,3,3.4,Medium
CAPF0869,Head Constable,43,19,33,1,1,0,13.4,5,19,9,21,1.2,5.3,1,2.8,High
CAPF0870,Head Constable,53,4,27,1,3,0,13.7,4,16,5,1,3.0,5.3,0,1.6,High
CAPF0871,ASI,39,3,23,1,9,3,10.2,1,12,5,16,6.4,6.4,1,5.9,Medium
CAPF0872,SP,38,14,14,1,7,4,11.9,1,5,3,13,4.1,5.0,1,5.8,Medium
CAPF0873,ASI,48,16,1,1,27,2,8.3,0,4,0,25,7.9,6.9,4,6.6,Low
CAPF0874,SI,25,15,25,1,5,3,15.2,3,14,5,18,1.4,4.2,1,1.5,High
CAPF0875,SI,24,15,21,1,19,4,10.4,2,11,4,2,6.3,5.6,2,4.7,Medium
CAPF0876,Constable,35,14,23,0,16,5,12.9,1,12,3,2,6.4,6.2,2,4.7,Medium
CAPF0877,SI,52,2,11,1,17,5,10.6,1,5,3,18,6.2,6.2,3,4.4,Medium
CAPF0878,Head Constable,29,18,22,1,12,2,11.8,1,8,4,8,4.8,6.5,3,4.8,Medium
CAPF0879,SI,22,17,14,1,12,7,11.9,1,13,4,12,4.4,6.7,2,4.7,Medium
CAPF0880,SP,54,29,9,1,15,1,8.8,0,4,2,3,7.0,8.3,4,7.8,Low
CAPF0881,Inspector,41,22,14,0,19,3,11.3,2,13,4,4,6.5,5.3,1,5.0,Medium
CAPF0882,DSP,50,10,3,1,12,2,8.6,0,0,1,22,9.6,7.9,5,7.7,Low
CAPF0883,Inspector,38,21,4,0,18,1,10.0,0,3,1,22,9.5,7.7,3,7.0,Low
CAPF0884,Head Constable,49,6,6,0,22,0,9.7,0,2,0,12,8.8,8.6,6,6.7,Low
CAPF0885,SP,50,23,23,1,3,0,14.2,3,14,8,24,1.7,4.6,1,2.7,High
CAPF0886,ASI,36,4,19,1,15,5,11.0,2,7,2,14,7.0,5.2,2,4.2,Medium
CAPF0887,Head Constable,24,7,23,1,17,5,12.8,2,11,4,6,6.8,5.1,2,4.4,Medium
CAPF0888,SP,38,12,5,0,20,2,9.7,1,4,2,9,7.5,6.7,3,7.3,Low
CAPF0889,Inspector,33,1,2,0,13,2,8.7,1,1,1,19,8.8,7.9,6,9.3,Low
CAPF0890,Inspector,41,8,12,1,11,2,10.4,1,11,5,14,6.4,6.4,1,5.7,Medium
CAPF0891,Constable,52,7,3,0,24,0,8.2,1,5,2,16,8.4,7.2,5,6.8,Low
CAPF0892,SP,26,3,3,0,16,2,9.8,0,4,1,17,9.2,7.9,4,6.4,Low
CAPF0893,SI,25,11,23,1,9,5,10.1,2,12,5,17,5.0,5.9,1,4.9,Medium
CAPF0894,DSP,52,3,6,0,14,2,9.3,1,0,2,29,7.5,6.6,5,9.2,Low
CAPF0895,DSP,46,4,10,1,17,0,8.4,0,2,1,23,7.2,8.5,6,7.6,Low
CAPF0896,SP,33,25,10,0,10,1,9.5,0,3,1,5,8.9,7.2,6,9.5,Low
CAPF0897,Head Constable,31,19,20,1,3,0,13.4,3,19,7,13,1.3,5.3,1,2.1,High
CAPF0898,Head Constable,47,6,22,1,9,5,12.7,1,5,3,18,4.9,5.9,1,6.4,Medium
CAPF0899,Constable,24,2,12,0,10,4,10.2,1,13,4,7,5.2,5.5,1,4.7,Medium
CAPF0900,Head Constable,47,25,2,0,18,2,8.5,1,3,0,4,6.5,8.9,3,9.0,Low
CAPF0901,SI,28,22,17,0,16,4,12.8,1,11,2,9,6.7,5.9,3,3.4,Medium
CAPF0902,SP,34,1,2,0,25,2,8.8,0,0,1,24,6.5,7.0,5,8.8,Low
CAPF0903,Head Constable,32,2,5,0,19,0,8.5,1,1,1,6,6.2,8.7,5,6.1,Low
CAPF0904,Inspector,40,20,5,0,28,0,9.0,0,3,0,0,9.3,8.1,3,9.7,Low
CAPF0905,Inspector,27,2,6,0,10,1,9.8,1,0,0,8,6.9,7.6,3,7.6,Low
CAPF0906,SP,26,16,15,1,19,5,12.4,1,12,4,14,4.8,5.9,3,3.2,Medium
CAPF0907,Head Constable,45,12,35,1,8,3,13.1,3,17,9,0,3.6,4.1,0,3.0,High
CAPF0908,DSP,23,26,21,1,19,4,11.3,2,8,3,28,5.4,6.5,3,6.5,Medium
CAPF0909,Constable,44,7,8,1,12,1,8.7,0,3,1,13,6.6,6.8,5,8.9,Low
CAPF0910,SI,44,23,8,0,15,2,9.6,1,0,0,20,7.2,8.4,6,9.7,Low
CAPF0911,SP,28,7,29,1,6,4,13.7,4,17,6,4,3.3,5.2,1,3.8,High
CAPF0912,Head Constable,27,25,32,0,2,0,13.5,5,19,5,7,2.6,5.3,0,2.1,High
CAPF0913,SP,34,1,10,1,11,1,9.8,1,5,2,23,8.5,8.5,6,9.3,Low
CAPF0914,SI,22,1,8,0,21,0,8.0,0,5,1,14,7.9,9.0,5,7.9,Low
CAPF0915,Head Constable,48,21,1,0,10,0,8.2,1,3,0,23,8.9,7.7,4,6.4,Low
CAPF0916,Constable,34,29,7,0,20,1,9.6,0,4,2,11,8.8,7.7,5,6.5,Low
CAPF0917,ASI,48,5,12,1,18,3,13.0,2,9,5,15,5.8,5.0,1,3.8,Medium
CAPF0918,SP,29,23,11,1,5,7,12.2,2,9,2,23,4.9,5.4,2,6.5,Medium
CAPF0919,Constable,48,1,10,1,10,5,12.4,2,9,5,28,4.3,6.0,1,4.9,Medium
CAPF0920,SI,24,4,23,1,2,0,15.5,3,16,8,21,4.0,4.2,1,1.4,High
CAPF0921,SI,45,17,22,1,12,5,11.5,1,9,2,20,4.6,5.3,1,5.2,Medium
CAPF0922,Constable,42,9,21,1,3,0,14.0,3,15,7,27,2.2,4.2,1,1.1,High
CAPF0923,SP,36,2,4,0,16,0,9.1,0,4,2,12,7.6,7.2,3,6.1,Low
CAPF0924,SP,26,19,17,1,5,3,12.9,1,6,3,12,6.7,5.1,2,5.7,Medium
CAPF0925,DSP,39,16,33,1,1,0,15.7,4,12,5,20,1.8,4.9,1,3.7,High
CAPF0926,ASI,48,6,25,1,0,0,13.2,5,19,7,15,2.5,5.0,1,2.0,High
CAPF0927,SI,24,25,3,0,20,0,9.5,1,1,0,9,7.8,7.6,5,8.9,Low
CAPF0928,SP,43,5,8,0,15,1,8.7,1,1,0,2,9.2,7.8,4,7.7,Low
CAPF0929,Constable,30,3,12,1,19,7,12.8,1,7,3,22,5.0,6.1,3,4.9,Medium
CAPF0930,DSP,49,19,21,1,1,0,14.3,5,17,6,0,1.2,4.9,0,1.6,High
CAPF0931,Head Constable,31,17,14,0,9,2,11.6,1,10,4,3,6.2,5.3,3,6.4,Medium
CAPF0932,Inspector,41,22,2,1,19,0,8.5,1,1,2,14,9.0,8.2,4,7.2,Low
CAPF0933,DSP,54,19,26,1,5,3,15.7,4,13,7,6,3.3,4.6,1,2.0,High
CAPF0934,ASI,49,10,4,1,10,2,8.5,1,4,1,12,7.3,8.0,6,6.9,Low
CAPF0935,ASI,53,6,9,1,26,0,9.2,0,1,1,16,7.8,6.9,3,6.6,Low
CAPF0936,SP,54,7,16,1,6,3,10.2,2,12,2,2,4.2,5.6,2,4.6,Medium
CAPF0937,DSP,34,12,4,1,25,0,9.2,1,4,0,18,7.5,7.2,4,9.5,Low
CAPF0938,SP,44,1,7,0,28,0,9.6,0,4,1,22,7.7,7.8,3,6.3,Low
CAPF0939,SP,29,8,14,0,9,6,11.8,2,5,3,0,6.7,6.2,2,6.4,Medium
CAPF0940,Inspector,24,19,5,0,16,1,8.1,1,4,0,18,9.1,8.0,6,8.9,Low
CAPF0941,Head Constable,24,17,32,0,1,0,13.4,3,13,5,15,1.2,4.8,1,1.2,High
CAPF0942,Constable,38,2,8,0,20,1,9.1,1,3,0,7,7.3,8.9,6,6.3,Low
CAPF0943,SP,24,1,4,0,28,2,8.2,0,0,0,0,6.3,6.8,4,8.5,Low
CAPF0944,Inspector,50,12,33,1,9,5,15.4,5,17,8,0,4.0,4.8,1,2.9,High
CAPF0945,Head Constable,45,9,2,0,23,0,9.3,0,1,1,10,8.8,8.6,5,7.3,Low
CAPF0946,ASI,31,26,21,1,5,4,16.0,5,17,8,28,2.8,4.4,1,3.3,High
CAPF0947,Head Constable,48,20,29,1,5,5,13.8,4,12,7,8,3.9,4.9,0,1.6,High
CAPF0948,Inspector,26,23,14,1,7,6,10.1,2,11,3,14,6.1,6.7,2,3.9,Medium
CAPF0949,SP,54,20,24,1,4,3,13.4,5,19,8,14,1.3,4.4,0,3.7,High
CAPF0950,SI,54,27,20,0,6,5,14.0,3,18,6,17,3.9,5.2,0,2.0,High
CAPF0951,ASI,40,6,31,0,3,0,13.0,4,13,7,9,2.6,5.3,1,3.9,High
CAPF0952,Head Constable,26,29,11,0,17,2,8.7,0,0,2,2,7.4,6.9,3,7.1,Low
CAPF0953,Constable,45,24,9,0,24,1,9.5,1,2,1,16,6.1,7.8,6,9.0,Low
CAPF0954,Constable,38,5,4,0,21,2,9.9,1,1,2,13,9.0,8.9,3,6.5,Low
CAPF0955,Inspector,26,20,1,0,28,2,9.1,0,1,1,11,6.7,9.0,6,8.3,Low
CAPF0956,SI,50,13,13,1,17,6,11.2,1,5,4,4,5.7,5.0,2,6.1,Medium
CAPF0957,Inspector,31,25,11,0,27,0,9.1,1,3,0,14,8.6,7.8,4,9.9,Low
CAPF0958,SP,49,1,8,0,25,0,10.0,1,4,1,14,9.7,6.8,6,6.9,Low
CAPF0959,SP,24,29,27,1,0,0,13.9,5,18,8,14,2.7,5.2,1,2.1,High
CAPF0960,ASI,50,18,27,1,6,3,14.9,4,18,6,8,2.0,4.3,0,3.3,High
CAPF0961,SI,24,24,10,0,8,5,10.6,2,12,4,29,6.6,6.6,3,3.9,Medium
CAPF0962,ASI,35,28,10,1,29,0,8.5,0,2,1,14,8.5,7.3,4,9.7,Low
CAPF0963,ASI,45,19,33,1,5,3,13.0,4,18,6,29,1.7,4.6,0,2.4,High
CAPF0964,ASI,26,4,5,1,24,1,8.7,0,4,1,12,8.4,8.7,5,6.2,Low
CAPF0965,SP,42,13,16,1,18,6,10.0,2,11,2,20,5.0,5.4,1,5.3,Medium
CAPF0966,Inspector,34,24,13,0,17,6,10.3,1,9,3,19,4.8,6.9,2,3.4,Medium
CAPF0967,SI,40,2,18,0,15,4,11.6,2,8,4,5,6.0,5.6,2,5.5,Medium
CAPF0968,Inspector,29,8,1,0,23,0,9.8,0,3,1,18,9.6,8.3,3,6.5,Low
CAPF0969,Inspector,24,19,18,0,16,5,11.1,2,12,4,4,6.4,5.2,3,6.7,Medium
CAPF0970,ASI,37,23,8,0,16,1,9.3,1,2,1,23,7.7,7.5,5,6.3,Low
CAPF0971,ASI,24,24,12,0,8,4,11.4,1,13,5,29,6.7,6.1,1,6.5,Medium
CAPF0972,Constable,30,22,10,0,18,2,10.0,1,0,0,0,8.9,6.9,3,8.6,Low
CAPF0973,Inspector,30,10,15,0,17,6,10.9,1,8,5,9,4.6,5.2,1,5.9,Medium
CAPF0974,Inspector,52,18,23,1,12,6,11.0,1,12,3,2,5.2,5.4,2,3.7,Medium
CAPF0975,Constable,50,10,32,1,5,4,14.5,3,13,7,23,3.0,5.1,0,3.0,High
CAPF0976,Inspector,36,7,2,0,23,0,8.2,0,4,1,14,7.2,8.1,5,9.1,Low
CAPF0977,SP,30,2,1,0,19,1,9.8,1,5,2,3,8.9,8.2,6,6.9,Low
CAPF0978,DSP,24,8,22,1,18,3,12.5,1,7,4,26,6.3,6.0,3,3.2,Medium
CAPF0979,DSP,26,4,15,1,14,5,10.9,1,10,2,11,6.2,6.6,1,5.8,Medium
CAPF0980,Constable,40,2,34,1,6,6,15.8,5,13,5,27,1.7,4.9,1,2.2,High
CAPF0981,SP,29,8,17,0,18,3,12.9,2,12,4,13,6.3,6.2,1,4.5,Medium
CAPF0982,SI,29,2,1,1,23,1,8.2,0,0,2,7,9.2,6.6,3,8.7,Low
CAPF0983,SI,24,29,3,0,20,2,8.6,0,3,2,21,7.2,8.1,3,6.6,Low
CAPF0984,ASI,42,21,2,1,29,2,8.4,1,5,2,0,8.7,7.0,6,9.6,Low
CAPF0985,ASI,22,13,34,1,6,3,16.0,3,15,6,10,1.5,4.4,0,2.8,High
CAPF0986,SI,48,6,3,0,15,2,8.5,1,0,0,20,9.3,8.4,4,9.3,Low
CAPF0987,Head Constable,53,23,7,0,15,2,8.6,1,4,2,15,9.9,6.8,3,7.5,Low
CAPF0988,SI,52,12,9,0,22,2,10.0,1,5,1,19,6.4,8.5,6,7.4,Low
CAPF0989,ASI,52,18,23,0,9,2,11.2,1,5,4,11,6.4,6.8,3,5.2,Medium
CAPF0990,Constable,39,22,20,1,18,4,11.2,1,7,4,28,5.7,5.7,3,4.2,Medium
CAPF0991,Inspector,54,26,29,1,8,3,14.2,3,15,9,27,2.8,5.1,0,3.0,High
CAPF0992,SP,31,9,24,1,8,4,14.9,3,18,6,1,2.5,4.3,1,3.6,High
CAPF0993,ASI,36,20,20,1,0,0,15.0,5,18,8,9,2.3,5.5,1,2.3,High
CAPF0994,SP,46,16,7,0,17,1,9.7,1,0,2,11,9.2,8.0,6,8.3,Low
CAPF0995,Head Constable,35,21,9,0,22,1,9.7,0,3,2,1,9.8,8.0,4,8.7,Low
CAPF0996,SI,29,29,4,0,14,1,8.8,1,2,0,5,9.2,7.6,6,8.2,Low
CAPF0997,SP,53,21,9,0,22,1,9.4,1,3,0,11,6.9,8.6,4,9.5,Low
CAPF0998,ASI,41,14,7,1,25,0,9.4,1,1,2,1,7.8,7.4,3,9.9,Low
CAPF0999,DSP,22,21,3,1,22,1,9.9,1,0,0,24,9.3,6.8,3,7.3,Low
CAPF1000,Constable,35,27,2,0,24,2,8.3,1,2,1,21,7.4,7.4,4,9.6,Low
